-- Полный импорт данных в Supabase
-- Выполняйте команды по порядку

-- 1. Services
-- Импорт Services в Supabase
-- Сначала очищаем таблицу
DELETE FROM "Service";

-- Вставляем данные
INSERT INTO "Service" (id, slug, name, description, image, category, "order", "categoryOrder", "isActive", "configuratorEnabled", "calculatorAvailable", "clickCount", "createdAt", "updatedAt") VALUES
(180, 'certificates', 'Certificates', 'Professional certificates in A4 and A5 sizes on 250gsm card', null, 'Business Stationery', 0, 0, true, true, true, 0, '2025-09-22T23:20:52.176Z', '2025-09-22T23:20:52.176Z'),
(181, 'digital-business-cards', 'Digital Business Cards', 'Professional digital business cards in single sided and double sided options', null, 'Business Stationery', 0, 0, true, true, true, 0, '2025-09-22T23:37:32.290Z', '2025-09-22T23:37:32.290Z'),
(182, 'appointment-cards', 'Appointment Cards', 'Professional appointment cards in black & white, color, and mixed options', null, 'Business Stationery', 0, 0, true, true, true, 0, '2025-09-22T23:37:51.470Z', '2025-09-22T23:37:51.470Z'),
(183, 'letterheads', 'Letterheads', 'Professional letterheads in A4 and A5 sizes, black & white and color options', null, 'Business Stationery', 0, 0, true, true, true, 0, '2025-09-22T23:39:35.284Z', '2025-09-22T23:39:35.284Z'),
(184, 'compliment-slips', 'Compliment Slips', 'Professional compliment slips in black & white and color options, single and double sided', null, 'Business Stationery', 0, 0, true, true, true, 0, '2025-09-22T23:39:59.256Z', '2025-09-22T23:39:59.256Z'),
(185, 'loyalty-cards', 'Loyalty Cards', 'Professional loyalty cards in single sided and double sided options', null, 'Business Stationery', 0, 0, true, true, true, 0, '2025-09-22T23:40:18.448Z', '2025-09-22T23:40:18.448Z'),
(186, 'overprint-envelopes', 'Overprint Envelopes', 'Professional overprint envelopes in single sided and double sided options', null, 'Business Stationery', 0, 0, true, true, true, 0, '2025-09-22T23:40:36.096Z', '2025-09-22T23:40:36.096Z'),
(189, 'flyers', 'Flyers', 'Professional flyers in various sizes on 100gsm matte or 150gsm gloss paper', null, 'Advertising', 0, 0, true, true, true, 1, '2025-09-22T23:51:49.150Z', '2025-09-22T23:52:30.932Z'),
(190, 'leaflets', 'Leaflets', 'Professional leaflets printing, BW on coloured paper on 150gsm gloss or 100gsm matt', null, 'Advertising', 0, 0, true, true, true, 1, '2025-09-23T00:06:38.812Z', '2025-09-23T00:07:21.126Z'),
(191, 'posters', 'Posters', 'Professional posters in various sizes on 190gsm gloss, 170gsm gloss, or 90gsm paper', null, 'Advertising', 0, 0, true, true, true, 0, '2025-09-23T00:15:53.336Z', '2025-09-23T00:15:53.336Z'),
(192, 'waterproof-menu', 'Waterproof Menu', 'Professional waterproof menus for restaurants and cafes', null, 'Menu printing', 0, 0, true, false, false, 0, '2025-09-23T00:33:35.745Z', '2025-09-23T00:33:35.745Z'),
(193, 'placemat-menu', 'Placemat menu', 'Professional placemat menus for restaurants', null, 'Menu printing', 0, 0, true, false, false, 0, '2025-09-23T00:33:35.756Z', '2025-09-23T00:33:35.756Z'),
(194, 'folded-restaurant-menu', 'Folded restaurant menu', 'Professional folded restaurant menus, booklet style with various page counts', null, 'Menu printing', 0, 0, true, true, true, 0, '2025-09-23T00:33:35.757Z', '2025-09-23T00:33:35.757Z'),
(195, 'flat-restaurant-menu', 'Flat restaurant menu', 'Professional flat restaurant menus in color and black & white', null, 'Menu printing', 0, 0, true, true, true, 0, '2025-09-23T00:33:35.870Z', '2025-09-23T00:33:35.870Z'),
(196, 'takeaway-menu', 'Takeaway Menu', 'Professional takeaway menus for restaurants and cafes', null, 'Menu printing', 0, 0, true, true, true, 0, '2025-09-23T00:33:36.075Z', '2025-09-23T00:33:36.075Z'),
(198, 'booklets', 'Booklets', 'Professional booklets, programmes and fixture books in black & white and color', null, 'Booklet printing', 0, 0, true, true, true, 0, '2025-09-23T00:48:47.876Z', '2025-09-23T00:48:47.876Z'),
(199, 'bw-photocopying', 'BW Photocopying', 'Professional black & white photocopying on 90gsm paper', null, 'Photocopying', 0, 0, true, true, true, 0, '2025-09-23T00:57:01.503Z', '2025-09-23T00:57:01.503Z'),
(200, 'colour-photocopying', 'Colour Photocopying', 'Professional colour photocopying on 100gsm paper', null, 'Photocopying', 0, 0, true, true, true, 0, '2025-09-23T00:57:01.507Z', '2025-09-23T00:57:01.507Z'),
(201, 'drawing-printing', 'Drawing Printing', 'Professional engineering drawings printing in A0, A1, A2 sizes, black & white and color', null, 'Large Format Printing', 0, 0, true, true, true, 0, '2025-09-23T01:08:59.662Z', '2025-09-23T01:08:59.662Z'),
(202, 'poster-printing', 'Poster Printing', 'Professional poster printing in A0, A1, A2 sizes on 190gsm gloss paper', null, 'Large Format Printing', 0, 0, true, true, true, 0, '2025-09-23T01:08:59.671Z', '2025-09-23T01:08:59.671Z'),
(203, 'wedding-stationery', 'Wedding Stationery', 'Professional wedding stationery including invitations, place cards, and order of service booklets', null, 'Events Printing', 0, 0, true, true, true, 0, '2025-09-23T01:09:37.800Z', '2025-09-23T01:09:37.800Z'),
(204, 'invitations', 'Invitations', 'Professional invitations for birthdays, weddings, and special events', null, 'Events Printing', 0, 0, true, true, true, 0, '2025-09-23T01:09:37.804Z', '2025-09-23T01:09:37.804Z'),
(205, 'order-of-service', 'Order of Service', 'Professional order of service booklets for weddings and ceremonies', null, 'Events Printing', 0, 0, true, true, true, 0, '2025-09-23T01:09:37.805Z', '2025-09-23T01:09:37.805Z'),
(206, 'place-cards', 'Place Cards', 'Professional place cards for weddings and events', null, 'Events Printing', 0, 0, true, true, true, 0, '2025-09-23T01:09:37.807Z', '2025-09-23T01:09:37.807Z'),
(207, 'bookmarks', 'Bookmarks', 'Professional bookmarks for events and promotions', null, 'Events Printing', 0, 0, true, true, true, 0, '2025-09-23T01:09:37.808Z', '2025-09-23T01:09:37.808Z'),
(208, 'greetings-cards', 'Greetings Cards', 'Professional greeting cards in various sizes and formats for all occasions', null, 'Seasonal Printing', 0, 0, true, true, true, 0, '2025-09-23T01:10:14.337Z', '2025-09-23T01:10:14.337Z'),
(209, 'postcards', 'Postcards', 'Professional postcards for travel and seasonal greetings', null, 'Seasonal Printing', 0, 0, true, true, true, 0, '2025-09-23T01:10:14.341Z', '2025-09-23T01:10:14.341Z'),
(210, 'calendar', 'Calendar', 'Professional calendars in various sizes for businesses and personal use', null, 'Seasonal Printing', 0, 0, true, true, true, 0, '2025-09-23T01:10:14.342Z', '2025-09-23T01:10:14.342Z'),
(211, 'wrapping-paper', 'Wrapping Paper', 'Professional wrapping paper for gifts and seasonal packaging', null, 'Seasonal Printing', 0, 0, true, false, false, 0, '2025-09-23T01:10:14.343Z', '2025-09-23T01:10:14.343Z'),
(213, 'laminating', 'Laminating', 'Professional laminating services for A5 to A1 sizes', null, 'Laminating', 0, 0, true, true, true, 0, '2025-09-23T01:11:02.073Z', '2025-09-23T01:11:02.073Z'),
(214, 'binding', 'Binding', 'Professional binding services for documents and booklets', null, 'Print Finishing Services', 0, 0, true, true, true, 0, '2025-09-23T01:11:54.190Z', '2025-09-23T01:11:54.190Z'),
(215, 'stapling', 'Stapling', 'Professional stapling services for documents', null, 'Print Finishing Services', 0, 0, true, true, true, 0, '2025-09-23T01:11:54.194Z', '2025-09-23T01:11:54.194Z'),
(216, 'folding', 'Folding', 'Professional folding services for documents and leaflets', null, 'Print Finishing Services', 0, 0, true, true, true, 0, '2025-09-23T01:11:54.195Z', '2025-09-23T01:11:54.195Z'),
(217, 'gluing', 'Gluing', 'Professional gluing services for documents and booklets', null, 'Print Finishing Services', 0, 0, true, true, true, 0, '2025-09-23T01:11:54.196Z', '2025-09-23T01:11:54.196Z'),
(218, 'perforating', 'Perforating', 'Professional perforating services for tear-off documents', null, 'Print Finishing Services', 0, 0, true, true, true, 0, '2025-09-23T01:11:54.198Z', '2025-09-23T01:11:54.198Z'),
(219, 'hole-punching', 'Hole Punching', 'Professional hole punching services for ring binders', null, 'Print Finishing Services', 0, 0, true, true, true, 0, '2025-09-23T01:11:54.200Z', '2025-09-23T01:11:54.200Z'),
(220, 'rounding-corners', 'Rounding Corners', 'Professional corner rounding services for cards and documents', null, 'Print Finishing Services', 0, 0, true, true, true, 0, '2025-09-23T01:11:54.202Z', '2025-09-23T01:11:54.202Z');

-- 2. PriceRows  
-- Импорт PriceRows в Supabase
-- Сначала очищаем таблицу
DELETE FROM "PriceRow";

-- Вставляем данные
INSERT INTO "PriceRow" (id, "serviceId", attrs, "ruleKind", unit, setup, fixed, "originalRowId", "isActive", "createdAt", "updatedAt") VALUES
(188, 180, '{"Sides":"Single Sided (S/S)","Color":"Color","Size":"A4"}', 'perUnit', null, null, null, 'row_188', true, '2025-09-22T23:20:52.179Z', '2025-09-22T23:20:52.179Z'),
(189, 180, '{"Sides":"Single Sided (S/S)","Color":"Color","Size":"A5"}', 'perUnit', null, null, null, 'row_189', true, '2025-09-22T23:20:52.186Z', '2025-09-22T23:20:52.186Z'),
(190, 181, '{"Sides":"Single Sided (S/S)","Color":"BW"}', 'perUnit', null, null, null, 'row_190', true, '2025-09-22T23:37:32.294Z', '2025-09-22T23:37:32.294Z'),
(191, 181, '{"Sides":"Double Sided (D/S)","Color":"BW"}', 'perUnit', null, null, null, 'row_191', true, '2025-09-22T23:37:32.305Z', '2025-09-22T23:37:32.305Z'),
(192, 182, '{"Sides":"Double Sided (D/S)","Color":"BW"}', 'perUnit', null, null, null, 'row_192', true, '2025-09-22T23:37:51.472Z', '2025-09-22T23:37:51.472Z'),
(193, 182, '{"Sides":"Double Sided (D/S)","Color":"Color"}', 'perUnit', null, null, null, 'row_193', true, '2025-09-22T23:37:51.480Z', '2025-09-22T23:37:51.480Z'),
(194, 182, '{"Sides":"Double Sided (D/S)","Color":"Color+BW"}', 'perUnit', null, null, null, 'row_194', true, '2025-09-22T23:37:51.486Z', '2025-09-22T23:37:51.486Z'),
(195, 183, '{"Sides":"Single Sided (S/S)","Color":"BW","Size":"A4"}', 'perUnit', null, null, null, 'row_195', true, '2025-09-22T23:39:35.287Z', '2025-09-22T23:39:35.287Z'),
(196, 183, '{"Sides":"Single Sided (S/S)","Color":"Color","Size":"A4"}', 'perUnit', null, null, null, 'row_196', true, '2025-09-22T23:39:35.295Z', '2025-09-22T23:39:35.295Z'),
(197, 183, '{"Sides":"Single Sided (S/S)","Color":"BW","Size":"A5"}', 'perUnit', null, null, null, 'row_197', true, '2025-09-22T23:39:35.307Z', '2025-09-22T23:39:35.307Z'),
(198, 184, '{"Sides":"Single Sided (S/S)","Color":"BW"}', 'perUnit', null, null, null, 'row_198', true, '2025-09-22T23:39:59.259Z', '2025-09-22T23:39:59.259Z'),
(199, 184, '{"Sides":"Single Sided (S/S)","Color":"Color"}', 'perUnit', null, null, null, 'row_199', true, '2025-09-22T23:39:59.268Z', '2025-09-22T23:39:59.268Z'),
(200, 184, '{"Sides":"Double Sided (D/S)","Color":"Color"}', 'perUnit', null, null, null, 'row_200', true, '2025-09-22T23:39:59.274Z', '2025-09-22T23:39:59.274Z'),
(201, 185, '{"Sides":"Single Sided (S/S)","Color":"BW"}', 'perUnit', null, null, null, 'row_201', true, '2025-09-22T23:40:18.451Z', '2025-09-22T23:40:18.451Z'),
(202, 185, '{"Sides":"Double Sided (D/S)","Color":"BW"}', 'perUnit', null, null, null, 'row_202', true, '2025-09-22T23:40:18.460Z', '2025-09-22T23:40:18.460Z'),
(203, 186, '{"Sides":"Single Sided (S/S)","Color":"BW"}', 'perUnit', null, null, null, 'row_203', true, '2025-09-22T23:40:36.099Z', '2025-09-22T23:40:36.099Z'),
(204, 186, '{"Sides":"Double Sided (D/S)","Color":"BW"}', 'perUnit', null, null, null, 'row_204', true, '2025-09-22T23:40:36.105Z', '2025-09-22T23:40:36.105Z'),
(207, 189, '{"Size":"A4","Sides":"Single Sided (S/S)","Paper":"100gsm Matte"}', 'perUnit', null, null, null, 'row_207', true, '2025-09-22T23:51:49.154Z', '2025-09-22T23:51:49.154Z'),
(208, 189, '{"Size":"A4","Sides":"Single Sided (S/S)","Paper":"150gsm Gloss"}', 'perUnit', null, null, null, 'row_208', true, '2025-09-22T23:51:49.159Z', '2025-09-22T23:51:49.159Z'),
(209, 189, '{"Size":"A4","Sides":"Double Sided (D/S)","Paper":"100gsm Matte"}', 'perUnit', null, null, null, 'row_209', true, '2025-09-22T23:51:49.192Z', '2025-09-22T23:51:49.192Z'),
(210, 189, '{"Size":"A4","Sides":"Double Sided (D/S)","Paper":"150gsm Gloss"}', 'perUnit', null, null, null, 'row_210', true, '2025-09-22T23:51:49.195Z', '2025-09-22T23:51:49.195Z'),
(211, 189, '{"Size":"A5","Sides":"Single Sided (S/S)","Paper":"100gsm Matte"}', 'perUnit', null, null, null, 'row_211', true, '2025-09-22T23:51:49.221Z', '2025-09-22T23:51:49.221Z'),
(212, 189, '{"Size":"A5","Sides":"Single Sided (S/S)","Paper":"150gsm Gloss"}', 'perUnit', null, null, null, 'row_212', true, '2025-09-22T23:51:49.223Z', '2025-09-22T23:51:49.223Z'),
(213, 189, '{"Size":"A5","Sides":"Double Sided (D/S)","Paper":"100gsm Matte"}', 'perUnit', null, null, null, 'row_213', true, '2025-09-22T23:51:49.255Z', '2025-09-22T23:51:49.255Z'),
(214, 189, '{"Size":"A5","Sides":"Double Sided (D/S)","Paper":"150gsm Gloss"}', 'perUnit', null, null, null, 'row_214', true, '2025-09-22T23:51:49.257Z', '2025-09-22T23:51:49.257Z'),
(215, 189, '{"Size":"DL","Sides":"Single Sided (S/S)","Paper":"100gsm Matte"}', 'perUnit', null, null, null, 'row_215', true, '2025-09-22T23:51:49.287Z', '2025-09-22T23:51:49.287Z'),
(216, 189, '{"Size":"DL","Sides":"Single Sided (S/S)","Paper":"150gsm Gloss"}', 'perUnit', null, null, null, 'row_216', true, '2025-09-22T23:51:49.289Z', '2025-09-22T23:51:49.289Z'),
(217, 189, '{"Size":"DL","Sides":"Double Sided (D/S)","Paper":"100gsm Matte"}', 'perUnit', null, null, null, 'row_217', true, '2025-09-22T23:51:49.318Z', '2025-09-22T23:51:49.318Z'),
(218, 189, '{"Size":"DL","Sides":"Double Sided (D/S)","Paper":"150gsm Gloss"}', 'perUnit', null, null, null, 'row_218', true, '2025-09-22T23:51:49.320Z', '2025-09-22T23:51:49.320Z'),
(219, 189, '{"Size":"A6","Sides":"Single Sided (S/S)","Paper":"100gsm Matte"}', 'perUnit', null, null, null, 'row_219', true, '2025-09-22T23:51:49.349Z', '2025-09-22T23:51:49.349Z'),
(220, 189, '{"Size":"A6","Sides":"Single Sided (S/S)","Paper":"150gsm Gloss"}', 'perUnit', null, null, null, 'row_220', true, '2025-09-22T23:51:49.352Z', '2025-09-22T23:51:49.352Z'),
(221, 189, '{"Size":"A6","Sides":"Double Sided (D/S)","Paper":"100gsm Matte"}', 'perUnit', null, null, null, 'row_221', true, '2025-09-22T23:51:49.371Z', '2025-09-22T23:51:49.371Z'),
(222, 189, '{"Size":"A6","Sides":"Double Sided (D/S)","Paper":"150gsm Gloss"}', 'perUnit', null, null, null, 'row_222', true, '2025-09-22T23:51:49.373Z', '2025-09-22T23:51:49.373Z'),
(223, 190, '{"Size":"A4","Sides":"Single Sided (S/S)","Paper":"100gsm Matt"}', 'perUnit', null, null, null, 'row_223', true, '2025-09-23T00:06:38.822Z', '2025-09-23T00:06:38.822Z'),
(224, 190, '{"Size":"A4","Sides":"Single Sided (S/S)","Paper":"150gsm Gloss"}', 'perUnit', null, null, null, 'row_224', true, '2025-09-23T00:06:38.827Z', '2025-09-23T00:06:38.827Z'),
(225, 190, '{"Size":"A4","Sides":"Double Sided (D/S)","Paper":"100gsm Matt"}', 'perUnit', null, null, null, 'row_225', true, '2025-09-23T00:06:38.859Z', '2025-09-23T00:06:38.859Z'),
(226, 190, '{"Size":"A4","Sides":"Double Sided (D/S)","Paper":"150gsm Gloss"}', 'perUnit', null, null, null, 'row_226', true, '2025-09-23T00:06:38.861Z', '2025-09-23T00:06:38.861Z'),
(227, 190, '{"Size":"A5","Sides":"Single Sided (S/S)","Paper":"100gsm Matt"}', 'perUnit', null, null, null, 'row_227', true, '2025-09-23T00:06:38.891Z', '2025-09-23T00:06:38.891Z'),
(228, 190, '{"Size":"A5","Sides":"Single Sided (S/S)","Paper":"150gsm Gloss"}', 'perUnit', null, null, null, 'row_228', true, '2025-09-23T00:06:38.893Z', '2025-09-23T00:06:38.893Z'),
(229, 190, '{"Size":"A5","Sides":"Double Sided (D/S)","Paper":"100gsm Matt"}', 'perUnit', null, null, null, 'row_229', true, '2025-09-23T00:06:38.922Z', '2025-09-23T00:06:38.922Z'),
(230, 190, '{"Size":"A5","Sides":"Double Sided (D/S)","Paper":"150gsm Gloss"}', 'perUnit', null, null, null, 'row_230', true, '2025-09-23T00:06:38.925Z', '2025-09-23T00:06:38.925Z'),
(231, 190, '{"Size":"DL","Sides":"Single Sided (S/S)","Paper":"100gsm Matt"}', 'perUnit', null, null, null, 'row_231', true, '2025-09-23T00:06:38.954Z', '2025-09-23T00:06:38.954Z'),
(232, 190, '{"Size":"DL","Sides":"Single Sided (S/S)","Paper":"150gsm Gloss"}', 'perUnit', null, null, null, 'row_232', true, '2025-09-23T00:06:38.956Z', '2025-09-23T00:06:38.956Z'),
(233, 190, '{"Size":"DL","Sides":"Double Sided (D/S)","Paper":"100gsm Matt"}', 'perUnit', null, null, null, 'row_233', true, '2025-09-23T00:06:38.982Z', '2025-09-23T00:06:38.982Z'),
(234, 190, '{"Size":"DL","Sides":"Double Sided (D/S)","Paper":"150gsm Gloss"}', 'perUnit', null, null, null, 'row_234', true, '2025-09-23T00:06:38.985Z', '2025-09-23T00:06:38.985Z'),
(235, 190, '{"Size":"A6","Sides":"Single Sided (S/S)","Paper":"100gsm Matt"}', 'perUnit', null, null, null, 'row_235', true, '2025-09-23T00:06:39.012Z', '2025-09-23T00:06:39.012Z'),
(236, 190, '{"Size":"A6","Sides":"Single Sided (S/S)","Paper":"150gsm Gloss"}', 'perUnit', null, null, null, 'row_236', true, '2025-09-23T00:06:39.014Z', '2025-09-23T00:06:39.014Z'),
(237, 190, '{"Size":"A6","Sides":"Double Sided (D/S)","Paper":"100gsm Matt"}', 'perUnit', null, null, null, 'row_237', true, '2025-09-23T00:06:39.030Z', '2025-09-23T00:06:39.030Z'),
(238, 190, '{"Size":"A6","Sides":"Double Sided (D/S)","Paper":"150gsm Gloss"}', 'perUnit', null, null, null, 'row_238', true, '2025-09-23T00:06:39.033Z', '2025-09-23T00:06:39.033Z'),
(239, 191, '{"Size":"A0","Paper":"190gsm Gloss"}', 'perUnit', null, null, null, 'row_239', true, '2025-09-23T00:15:53.341Z', '2025-09-23T00:15:53.341Z'),
(240, 191, '{"Size":"A1","Paper":"190gsm Gloss"}', 'perUnit', null, null, null, 'row_240', true, '2025-09-23T00:15:53.351Z', '2025-09-23T00:15:53.351Z'),
(241, 191, '{"Size":"A2","Paper":"190gsm Gloss"}', 'perUnit', null, null, null, 'row_241', true, '2025-09-23T00:15:53.358Z', '2025-09-23T00:15:53.358Z'),
(242, 191, '{"Size":"A3","Paper":"190gsm Gloss"}', 'perUnit', null, null, null, 'row_242', true, '2025-09-23T00:15:53.367Z', '2025-09-23T00:15:53.367Z'),
(243, 191, '{"Size":"A0","Paper":"170gsm Gloss"}', 'fixed', null, null, null, 'row_243', true, '2025-09-23T00:15:53.372Z', '2025-09-23T00:15:53.372Z'),
(244, 191, '{"Size":"A1","Paper":"170gsm Gloss"}', 'fixed', null, null, null, 'row_244', true, '2025-09-23T00:15:53.377Z', '2025-09-23T00:15:53.377Z'),
(245, 191, '{"Size":"A2","Paper":"170gsm Gloss"}', 'fixed', null, null, null, 'row_245', true, '2025-09-23T00:15:53.382Z', '2025-09-23T00:15:53.382Z'),
(246, 191, '{"Size":"A3","Paper":"170gsm Gloss"}', 'fixed', null, null, null, 'row_246', true, '2025-09-23T00:15:53.387Z', '2025-09-23T00:15:53.387Z'),
(247, 191, '{"Size":"A0","Paper":"90gsm Paper"}', 'fixed', null, null, null, 'row_247', true, '2025-09-23T00:15:53.392Z', '2025-09-23T00:15:53.392Z'),
(248, 191, '{"Size":"A1","Paper":"90gsm Paper"}', 'fixed', null, null, null, 'row_248', true, '2025-09-23T00:15:53.398Z', '2025-09-23T00:15:53.398Z'),
(249, 191, '{"Size":"A2","Paper":"90gsm Paper"}', 'fixed', null, null, null, 'row_249', true, '2025-09-23T00:15:53.404Z', '2025-09-23T00:15:53.404Z'),
(250, 191, '{"Size":"A3","Paper":"90gsm Paper"}', 'fixed', null, null, null, 'row_250', true, '2025-09-23T00:15:53.409Z', '2025-09-23T00:15:53.409Z'),
(251, 194, '{"Size":"A4","Pages":"4pp","Paper":"90gsm paper"}', 'perUnit', null, null, null, 'row_251', true, '2025-09-23T00:33:35.758Z', '2025-09-23T00:33:35.758Z'),
(252, 194, '{"Size":"A4","Pages":"4pp","Paper":"150gsm gloss"}', 'perUnit', null, null, null, 'row_252', true, '2025-09-23T00:33:35.767Z', '2025-09-23T00:33:35.767Z'),
(253, 194, '{"Size":"A4","Pages":"4pp","Paper":"350gsm card"}', 'perUnit', null, null, null, 'row_253', true, '2025-09-23T00:33:35.775Z', '2025-09-23T00:33:35.775Z'),
(254, 194, '{"Size":"A4","Pages":"4pp","Paper":"270 micron"}', 'perUnit', null, null, null, 'row_254', true, '2025-09-23T00:33:35.780Z', '2025-09-23T00:33:35.780Z'),
(255, 194, '{"Size":"A4","Pages":"8pp","Paper":"90gsm paper"}', 'perUnit', null, null, null, 'row_255', true, '2025-09-23T00:33:35.784Z', '2025-09-23T00:33:35.784Z'),
(256, 194, '{"Size":"A4","Pages":"8pp","Paper":"150gsm gloss"}', 'perUnit', null, null, null, 'row_256', true, '2025-09-23T00:33:35.789Z', '2025-09-23T00:33:35.789Z'),
(257, 194, '{"Size":"A4","Pages":"8pp","Paper":"350gsm card"}', 'perUnit', null, null, null, 'row_257', true, '2025-09-23T00:33:35.793Z', '2025-09-23T00:33:35.793Z'),
(258, 194, '{"Size":"A4","Pages":"8pp","Paper":"270 micron"}', 'perUnit', null, null, null, 'row_258', true, '2025-09-23T00:33:35.797Z', '2025-09-23T00:33:35.797Z'),
(259, 194, '{"Size":"A4","Pages":"12pp","Paper":"90gsm paper"}', 'perUnit', null, null, null, 'row_259', true, '2025-09-23T00:33:35.801Z', '2025-09-23T00:33:35.801Z'),
(260, 194, '{"Size":"A4","Pages":"12pp","Paper":"150gsm gloss"}', 'perUnit', null, null, null, 'row_260', true, '2025-09-23T00:33:35.805Z', '2025-09-23T00:33:35.805Z'),
(261, 194, '{"Size":"A4","Pages":"12pp","Paper":"350gsm card"}', 'perUnit', null, null, null, 'row_261', true, '2025-09-23T00:33:35.810Z', '2025-09-23T00:33:35.810Z'),
(262, 194, '{"Size":"A4","Pages":"12pp","Paper":"270 micron"}', 'perUnit', null, null, null, 'row_262', true, '2025-09-23T00:33:35.814Z', '2025-09-23T00:33:35.814Z'),
(263, 194, '{"Size":"A5","Pages":"4pp","Paper":"90gsm paper"}', 'perUnit', null, null, null, 'row_263', true, '2025-09-23T00:33:35.818Z', '2025-09-23T00:33:35.818Z'),
(264, 194, '{"Size":"A5","Pages":"4pp","Paper":"150gsm gloss"}', 'perUnit', null, null, null, 'row_264', true, '2025-09-23T00:33:35.822Z', '2025-09-23T00:33:35.822Z'),
(265, 194, '{"Size":"A5","Pages":"4pp","Paper":"350gsm card"}', 'perUnit', null, null, null, 'row_265', true, '2025-09-23T00:33:35.826Z', '2025-09-23T00:33:35.826Z'),
(266, 194, '{"Size":"A5","Pages":"4pp","Paper":"270 micron"}', 'perUnit', null, null, null, 'row_266', true, '2025-09-23T00:33:35.830Z', '2025-09-23T00:33:35.830Z'),
(267, 194, '{"Size":"A5","Pages":"8pp","Paper":"90gsm paper"}', 'perUnit', null, null, null, 'row_267', true, '2025-09-23T00:33:35.835Z', '2025-09-23T00:33:35.835Z'),
(268, 194, '{"Size":"A5","Pages":"8pp","Paper":"150gsm gloss"}', 'perUnit', null, null, null, 'row_268', true, '2025-09-23T00:33:35.839Z', '2025-09-23T00:33:35.839Z'),
(269, 194, '{"Size":"A5","Pages":"8pp","Paper":"350gsm card"}', 'perUnit', null, null, null, 'row_269', true, '2025-09-23T00:33:35.844Z', '2025-09-23T00:33:35.844Z'),
(270, 194, '{"Size":"A5","Pages":"8pp","Paper":"270 micron"}', 'perUnit', null, null, null, 'row_270', true, '2025-09-23T00:33:35.848Z', '2025-09-23T00:33:35.848Z'),
(271, 194, '{"Size":"A5","Pages":"12pp","Paper":"90gsm paper"}', 'perUnit', null, null, null, 'row_271', true, '2025-09-23T00:33:35.852Z', '2025-09-23T00:33:35.852Z'),
(272, 194, '{"Size":"A5","Pages":"12pp","Paper":"150gsm gloss"}', 'perUnit', null, null, null, 'row_272', true, '2025-09-23T00:33:35.856Z', '2025-09-23T00:33:35.856Z'),
(273, 194, '{"Size":"A5","Pages":"12pp","Paper":"350gsm card"}', 'perUnit', null, null, null, 'row_273', true, '2025-09-23T00:33:35.860Z', '2025-09-23T00:33:35.860Z'),
(274, 194, '{"Size":"A5","Pages":"12pp","Paper":"270 micron"}', 'perUnit', null, null, null, 'row_274', true, '2025-09-23T00:33:35.865Z', '2025-09-23T00:33:35.865Z'),
(275, 195, '{"Size":"A5","Sides":"S/S","Color":"Color","Paper":"90gsm paper"}', 'perUnit', null, null, null, 'row_275', true, '2025-09-23T00:33:35.871Z', '2025-09-23T00:33:35.871Z'),
(276, 195, '{"Size":"A5","Sides":"S/S","Color":"Color","Paper":"150gsm gloss"}', 'perUnit', null, null, null, 'row_276', true, '2025-09-23T00:33:35.876Z', '2025-09-23T00:33:35.876Z'),
(277, 195, '{"Size":"A5","Sides":"S/S","Color":"Color","Paper":"350gsm card"}', 'perUnit', null, null, null, 'row_277', true, '2025-09-23T00:33:35.880Z', '2025-09-23T00:33:35.880Z'),
(278, 195, '{"Size":"A5","Sides":"S/S","Color":"Color","Paper":"270 micron"}', 'perUnit', null, null, null, 'row_278', true, '2025-09-23T00:33:35.884Z', '2025-09-23T00:33:35.884Z'),
(279, 195, '{"Size":"A5","Sides":"D/S","Color":"Color","Paper":"90gsm paper"}', 'perUnit', null, null, null, 'row_279', true, '2025-09-23T00:33:35.888Z', '2025-09-23T00:33:35.888Z'),
(280, 195, '{"Size":"A5","Sides":"D/S","Color":"Color","Paper":"150gsm gloss"}', 'perUnit', null, null, null, 'row_280', true, '2025-09-23T00:33:35.892Z', '2025-09-23T00:33:35.892Z'),
(281, 195, '{"Size":"A5","Sides":"D/S","Color":"Color","Paper":"350gsm card"}', 'perUnit', null, null, null, 'row_281', true, '2025-09-23T00:33:35.897Z', '2025-09-23T00:33:35.897Z'),
(282, 195, '{"Size":"A5","Sides":"D/S","Color":"Color","Paper":"270 micron"}', 'perUnit', null, null, null, 'row_282', true, '2025-09-23T00:33:35.901Z', '2025-09-23T00:33:35.901Z'),
(283, 195, '{"Size":"A4","Sides":"S/S","Color":"Color","Paper":"90gsm paper"}', 'perUnit', null, null, null, 'row_283', true, '2025-09-23T00:33:35.905Z', '2025-09-23T00:33:35.905Z'),
(284, 195, '{"Size":"A4","Sides":"S/S","Color":"Color","Paper":"150gsm gloss"}', 'perUnit', null, null, null, 'row_284', true, '2025-09-23T00:33:35.909Z', '2025-09-23T00:33:35.909Z'),
(285, 195, '{"Size":"A4","Sides":"S/S","Color":"Color","Paper":"350gsm card"}', 'perUnit', null, null, null, 'row_285', true, '2025-09-23T00:33:35.913Z', '2025-09-23T00:33:35.913Z'),
(286, 195, '{"Size":"A4","Sides":"S/S","Color":"Color","Paper":"270 micron"}', 'perUnit', null, null, null, 'row_286', true, '2025-09-23T00:33:35.917Z', '2025-09-23T00:33:35.917Z'),
(287, 195, '{"Size":"A4","Sides":"D/S","Color":"Color","Paper":"90gsm paper"}', 'perUnit', null, null, null, 'row_287', true, '2025-09-23T00:33:35.921Z', '2025-09-23T00:33:35.921Z'),
(288, 195, '{"Size":"A4","Sides":"D/S","Color":"Color","Paper":"150gsm gloss"}', 'perUnit', null, null, null, 'row_288', true, '2025-09-23T00:33:35.926Z', '2025-09-23T00:33:35.926Z'),
(289, 195, '{"Size":"A4","Sides":"D/S","Color":"Color","Paper":"350gsm card"}', 'perUnit', null, null, null, 'row_289', true, '2025-09-23T00:33:35.929Z', '2025-09-23T00:33:35.929Z'),
(290, 195, '{"Size":"A4","Sides":"D/S","Color":"Color","Paper":"270 micron"}', 'perUnit', null, null, null, 'row_290', true, '2025-09-23T00:33:35.934Z', '2025-09-23T00:33:35.934Z'),
(291, 195, '{"Size":"A3","Sides":"S/S","Color":"Color","Paper":"90gsm paper"}', 'perUnit', null, null, null, 'row_291', true, '2025-09-23T00:33:35.938Z', '2025-09-23T00:33:35.938Z'),
(292, 195, '{"Size":"A3","Sides":"S/S","Color":"Color","Paper":"150gsm gloss"}', 'perUnit', null, null, null, 'row_292', true, '2025-09-23T00:33:35.942Z', '2025-09-23T00:33:35.942Z'),
(293, 195, '{"Size":"A3","Sides":"S/S","Color":"Color","Paper":"350gsm card"}', 'perUnit', null, null, null, 'row_293', true, '2025-09-23T00:33:35.947Z', '2025-09-23T00:33:35.947Z'),
(294, 195, '{"Size":"A3","Sides":"S/S","Color":"Color","Paper":"270 micron"}', 'perUnit', null, null, null, 'row_294', true, '2025-09-23T00:33:35.951Z', '2025-09-23T00:33:35.951Z'),
(295, 195, '{"Size":"A3","Sides":"D/S","Color":"Color","Paper":"90gsm paper"}', 'perUnit', null, null, null, 'row_295', true, '2025-09-23T00:33:35.956Z', '2025-09-23T00:33:35.956Z'),
(296, 195, '{"Size":"A3","Sides":"D/S","Color":"Color","Paper":"150gsm gloss"}', 'perUnit', null, null, null, 'row_296', true, '2025-09-23T00:33:35.961Z', '2025-09-23T00:33:35.961Z'),
(297, 195, '{"Size":"A3","Sides":"D/S","Color":"Color","Paper":"350gsm card"}', 'perUnit', null, null, null, 'row_297', true, '2025-09-23T00:33:35.966Z', '2025-09-23T00:33:35.966Z'),
(298, 195, '{"Size":"A3","Sides":"D/S","Color":"Color","Paper":"270 micron"}', 'perUnit', null, null, null, 'row_298', true, '2025-09-23T00:33:35.971Z', '2025-09-23T00:33:35.971Z'),
(299, 195, '{"Size":"A5","Sides":"S/S","Color":"BW","Paper":"90gsm paper"}', 'perUnit', null, null, null, 'row_299', true, '2025-09-23T00:33:35.975Z', '2025-09-23T00:33:35.975Z'),
(300, 195, '{"Size":"A5","Sides":"S/S","Color":"BW","Paper":"150gsm gloss"}', 'perUnit', null, null, null, 'row_300', true, '2025-09-23T00:33:35.980Z', '2025-09-23T00:33:35.980Z'),
(301, 195, '{"Size":"A5","Sides":"S/S","Color":"BW","Paper":"350gsm card"}', 'perUnit', null, null, null, 'row_301', true, '2025-09-23T00:33:35.984Z', '2025-09-23T00:33:35.984Z'),
(302, 195, '{"Size":"A5","Sides":"S/S","Color":"BW","Paper":"270 micron"}', 'perUnit', null, null, null, 'row_302', true, '2025-09-23T00:33:35.988Z', '2025-09-23T00:33:35.988Z'),
(303, 195, '{"Size":"A5","Sides":"D/S","Color":"BW","Paper":"90gsm paper"}', 'perUnit', null, null, null, 'row_303', true, '2025-09-23T00:33:35.993Z', '2025-09-23T00:33:35.993Z'),
(304, 195, '{"Size":"A5","Sides":"D/S","Color":"BW","Paper":"150gsm gloss"}', 'perUnit', null, null, null, 'row_304', true, '2025-09-23T00:33:35.997Z', '2025-09-23T00:33:35.997Z'),
(305, 195, '{"Size":"A5","Sides":"D/S","Color":"BW","Paper":"350gsm card"}', 'perUnit', null, null, null, 'row_305', true, '2025-09-23T00:33:36.001Z', '2025-09-23T00:33:36.001Z'),
(306, 195, '{"Size":"A5","Sides":"D/S","Color":"BW","Paper":"270 micron"}', 'perUnit', null, null, null, 'row_306', true, '2025-09-23T00:33:36.006Z', '2025-09-23T00:33:36.006Z'),
(307, 195, '{"Size":"A4","Sides":"S/S","Color":"BW","Paper":"90gsm paper"}', 'perUnit', null, null, null, 'row_307', true, '2025-09-23T00:33:36.010Z', '2025-09-23T00:33:36.010Z'),
(308, 195, '{"Size":"A4","Sides":"S/S","Color":"BW","Paper":"150gsm gloss"}', 'perUnit', null, null, null, 'row_308', true, '2025-09-23T00:33:36.014Z', '2025-09-23T00:33:36.014Z'),
(309, 195, '{"Size":"A4","Sides":"S/S","Color":"BW","Paper":"350gsm card"}', 'perUnit', null, null, null, 'row_309', true, '2025-09-23T00:33:36.018Z', '2025-09-23T00:33:36.018Z'),
(310, 195, '{"Size":"A4","Sides":"S/S","Color":"BW","Paper":"270 micron"}', 'perUnit', null, null, null, 'row_310', true, '2025-09-23T00:33:36.022Z', '2025-09-23T00:33:36.022Z'),
(311, 195, '{"Size":"A4","Sides":"D/S","Color":"BW","Paper":"90gsm paper"}', 'perUnit', null, null, null, 'row_311', true, '2025-09-23T00:33:36.026Z', '2025-09-23T00:33:36.026Z'),
(312, 195, '{"Size":"A4","Sides":"D/S","Color":"BW","Paper":"150gsm gloss"}', 'perUnit', null, null, null, 'row_312', true, '2025-09-23T00:33:36.030Z', '2025-09-23T00:33:36.030Z'),
(313, 195, '{"Size":"A4","Sides":"D/S","Color":"BW","Paper":"350gsm card"}', 'perUnit', null, null, null, 'row_313', true, '2025-09-23T00:33:36.034Z', '2025-09-23T00:33:36.034Z'),
(314, 195, '{"Size":"A4","Sides":"D/S","Color":"BW","Paper":"270 micron"}', 'perUnit', null, null, null, 'row_314', true, '2025-09-23T00:33:36.038Z', '2025-09-23T00:33:36.038Z'),
(315, 195, '{"Size":"A3","Sides":"S/S","Color":"BW","Paper":"90gsm paper"}', 'perUnit', null, null, null, 'row_315', true, '2025-09-23T00:33:36.042Z', '2025-09-23T00:33:36.042Z'),
(316, 195, '{"Size":"A3","Sides":"S/S","Color":"BW","Paper":"150gsm gloss"}', 'perUnit', null, null, null, 'row_316', true, '2025-09-23T00:33:36.046Z', '2025-09-23T00:33:36.046Z'),
(317, 195, '{"Size":"A3","Sides":"S/S","Color":"BW","Paper":"350gsm card"}', 'perUnit', null, null, null, 'row_317', true, '2025-09-23T00:33:36.051Z', '2025-09-23T00:33:36.051Z'),
(318, 195, '{"Size":"A3","Sides":"S/S","Color":"BW","Paper":"270 micron"}', 'perUnit', null, null, null, 'row_318', true, '2025-09-23T00:33:36.055Z', '2025-09-23T00:33:36.055Z'),
(319, 195, '{"Size":"A3","Sides":"D/S","Color":"BW","Paper":"90gsm paper"}', 'perUnit', null, null, null, 'row_319', true, '2025-09-23T00:33:36.059Z', '2025-09-23T00:33:36.059Z'),
(320, 195, '{"Size":"A3","Sides":"D/S","Color":"BW","Paper":"150gsm gloss"}', 'perUnit', null, null, null, 'row_320', true, '2025-09-23T00:33:36.063Z', '2025-09-23T00:33:36.063Z'),
(321, 195, '{"Size":"A3","Sides":"D/S","Color":"BW","Paper":"350gsm card"}', 'perUnit', null, null, null, 'row_321', true, '2025-09-23T00:33:36.067Z', '2025-09-23T00:33:36.067Z'),
(322, 195, '{"Size":"A3","Sides":"D/S","Color":"BW","Paper":"270 micron"}', 'perUnit', null, null, null, 'row_322', true, '2025-09-23T00:33:36.071Z', '2025-09-23T00:33:36.071Z'),
(323, 196, '{"Size":"A5","Sides":"D/S","Color":"Color","Paper":"100gsm/150gsm gloss"}', 'fixed', null, null, null, 'row_323', true, '2025-09-23T00:33:36.076Z', '2025-09-23T00:33:36.076Z'),
(324, 196, '{"Size":"A5 (A4 folded)","Sides":"D/S","Color":"Color","Paper":"100gsm/150gsm gloss"}', 'fixed', null, null, null, 'row_324', true, '2025-09-23T00:33:36.080Z', '2025-09-23T00:33:36.080Z'),
(325, 196, '{"Size":"DL (A4 Z-folded)","Sides":"D/S","Color":"Color","Paper":"100gsm/150gsm gloss"}', 'fixed', null, null, null, 'row_325', true, '2025-09-23T00:33:36.084Z', '2025-09-23T00:33:36.084Z'),
(326, 196, '{"Size":"A5 (A4 folded)","Sides":"D/S","Color":"BW","Paper":"100gsm/150gsm gloss"}', 'fixed', null, null, null, 'row_326', true, '2025-09-23T00:33:36.088Z', '2025-09-23T00:33:36.088Z'),
(327, 196, '{"Size":"DL (A4 Z-folded)","Sides":"D/S","Color":"BW","Paper":"100gsm/150gsm gloss"}', 'fixed', null, null, null, 'row_327', true, '2025-09-23T00:33:36.092Z', '2025-09-23T00:33:36.092Z'),
(328, 198, '{"Size":"A4","Pages":"8pp","Color":"BW"}', 'perUnit', null, null, null, 'row_328', true, '2025-09-23T00:48:47.880Z', '2025-09-23T00:48:47.880Z'),
(329, 198, '{"Size":"A4","Pages":"12pp","Color":"BW"}', 'perUnit', null, null, null, 'row_329', true, '2025-09-23T00:48:47.884Z', '2025-09-23T00:48:47.884Z'),
(330, 198, '{"Size":"A4","Pages":"16pp","Color":"BW"}', 'perUnit', null, null, null, 'row_330', true, '2025-09-23T00:48:47.888Z', '2025-09-23T00:48:47.888Z'),
(331, 198, '{"Size":"A4","Pages":"20pp","Color":"BW"}', 'perUnit', null, null, null, 'row_331', true, '2025-09-23T00:48:47.891Z', '2025-09-23T00:48:47.891Z'),
(332, 198, '{"Size":"A4","Pages":"24pp","Color":"BW"}', 'perUnit', null, null, null, 'row_332', true, '2025-09-23T00:48:47.893Z', '2025-09-23T00:48:47.893Z'),
(333, 198, '{"Size":"A4","Pages":"28pp","Color":"BW"}', 'perUnit', null, null, null, 'row_333', true, '2025-09-23T00:48:47.895Z', '2025-09-23T00:48:47.895Z'),
(334, 198, '{"Size":"A4","Pages":"32pp","Color":"BW"}', 'perUnit', null, null, null, 'row_334', true, '2025-09-23T00:48:47.897Z', '2025-09-23T00:48:47.897Z'),
(335, 198, '{"Size":"A4","Pages":"36pp","Color":"BW"}', 'perUnit', null, null, null, 'row_335', true, '2025-09-23T00:48:47.900Z', '2025-09-23T00:48:47.900Z'),
(336, 198, '{"Size":"A4","Pages":"40pp","Color":"BW"}', 'perUnit', null, null, null, 'row_336', true, '2025-09-23T00:48:47.902Z', '2025-09-23T00:48:47.902Z'),
(337, 198, '{"Size":"A4","Pages":"44pp","Color":"BW"}', 'perUnit', null, null, null, 'row_337', true, '2025-09-23T00:48:47.904Z', '2025-09-23T00:48:47.904Z'),
(338, 198, '{"Size":"A4","Pages":"48pp","Color":"BW"}', 'perUnit', null, null, null, 'row_338', true, '2025-09-23T00:48:47.906Z', '2025-09-23T00:48:47.906Z'),
(339, 198, '{"Size":"A4","Pages":"52pp","Color":"BW"}', 'perUnit', null, null, null, 'row_339', true, '2025-09-23T00:48:47.908Z', '2025-09-23T00:48:47.908Z'),
(340, 198, '{"Size":"A4","Pages":"56pp","Color":"BW"}', 'perUnit', null, null, null, 'row_340', true, '2025-09-23T00:48:47.911Z', '2025-09-23T00:48:47.911Z'),
(341, 198, '{"Size":"A4","Pages":"60pp","Color":"BW"}', 'perUnit', null, null, null, 'row_341', true, '2025-09-23T00:48:47.913Z', '2025-09-23T00:48:47.913Z'),
(342, 198, '{"Size":"A4","Pages":"64pp","Color":"BW"}', 'perUnit', null, null, null, 'row_342', true, '2025-09-23T00:48:47.916Z', '2025-09-23T00:48:47.916Z'),
(343, 198, '{"Size":"A4","Pages":"68pp","Color":"BW"}', 'perUnit', null, null, null, 'row_343', true, '2025-09-23T00:48:47.918Z', '2025-09-23T00:48:47.918Z'),
(344, 198, '{"Size":"A5","Pages":"8pp","Color":"BW"}', 'perUnit', null, null, null, 'row_344', true, '2025-09-23T00:48:47.921Z', '2025-09-23T00:48:47.921Z'),
(345, 198, '{"Size":"A5","Pages":"12pp","Color":"BW"}', 'perUnit', null, null, null, 'row_345', true, '2025-09-23T00:48:47.923Z', '2025-09-23T00:48:47.923Z'),
(346, 198, '{"Size":"A5","Pages":"16pp","Color":"BW"}', 'perUnit', null, null, null, 'row_346', true, '2025-09-23T00:48:47.925Z', '2025-09-23T00:48:47.925Z'),
(347, 198, '{"Size":"A5","Pages":"20pp","Color":"BW"}', 'perUnit', null, null, null, 'row_347', true, '2025-09-23T00:48:47.928Z', '2025-09-23T00:48:47.928Z'),
(348, 198, '{"Size":"A5","Pages":"24pp","Color":"BW"}', 'perUnit', null, null, null, 'row_348', true, '2025-09-23T00:48:47.931Z', '2025-09-23T00:48:47.931Z'),
(349, 198, '{"Size":"A5","Pages":"28pp","Color":"BW"}', 'perUnit', null, null, null, 'row_349', true, '2025-09-23T00:48:47.933Z', '2025-09-23T00:48:47.933Z'),
(350, 198, '{"Size":"A5","Pages":"32pp","Color":"BW"}', 'perUnit', null, null, null, 'row_350', true, '2025-09-23T00:48:47.936Z', '2025-09-23T00:48:47.936Z'),
(351, 198, '{"Size":"A5","Pages":"36pp","Color":"BW"}', 'perUnit', null, null, null, 'row_351', true, '2025-09-23T00:48:47.938Z', '2025-09-23T00:48:47.938Z'),
(352, 198, '{"Size":"A5","Pages":"40pp","Color":"BW"}', 'perUnit', null, null, null, 'row_352', true, '2025-09-23T00:48:47.940Z', '2025-09-23T00:48:47.940Z'),
(353, 198, '{"Size":"A5","Pages":"44pp","Color":"BW"}', 'perUnit', null, null, null, 'row_353', true, '2025-09-23T00:48:47.942Z', '2025-09-23T00:48:47.942Z'),
(354, 198, '{"Size":"A5","Pages":"48pp","Color":"BW"}', 'perUnit', null, null, null, 'row_354', true, '2025-09-23T00:48:47.944Z', '2025-09-23T00:48:47.944Z'),
(355, 198, '{"Size":"A5","Pages":"52pp","Color":"BW"}', 'perUnit', null, null, null, 'row_355', true, '2025-09-23T00:48:47.946Z', '2025-09-23T00:48:47.946Z'),
(356, 198, '{"Size":"A5","Pages":"56pp","Color":"BW"}', 'perUnit', null, null, null, 'row_356', true, '2025-09-23T00:48:47.948Z', '2025-09-23T00:48:47.948Z'),
(357, 198, '{"Size":"A5","Pages":"60pp","Color":"BW"}', 'perUnit', null, null, null, 'row_357', true, '2025-09-23T00:48:47.950Z', '2025-09-23T00:48:47.950Z'),
(358, 198, '{"Size":"A5","Pages":"64pp","Color":"BW"}', 'perUnit', null, null, null, 'row_358', true, '2025-09-23T00:48:47.952Z', '2025-09-23T00:48:47.952Z'),
(359, 198, '{"Size":"A5","Pages":"68pp","Color":"BW"}', 'perUnit', null, null, null, 'row_359', true, '2025-09-23T00:48:47.955Z', '2025-09-23T00:48:47.955Z'),
(360, 198, '{"Size":"A6","Pages":"8pp","Color":"BW"}', 'perUnit', null, null, null, 'row_360', true, '2025-09-23T00:48:47.957Z', '2025-09-23T00:48:47.957Z'),
(361, 198, '{"Size":"A6","Pages":"12pp","Color":"BW"}', 'perUnit', null, null, null, 'row_361', true, '2025-09-23T00:48:47.959Z', '2025-09-23T00:48:47.959Z'),
(362, 198, '{"Size":"A6","Pages":"16pp","Color":"BW"}', 'perUnit', null, null, null, 'row_362', true, '2025-09-23T00:48:47.961Z', '2025-09-23T00:48:47.961Z'),
(363, 198, '{"Size":"A6","Pages":"20pp","Color":"BW"}', 'perUnit', null, null, null, 'row_363', true, '2025-09-23T00:48:47.963Z', '2025-09-23T00:48:47.963Z'),
(364, 198, '{"Size":"A6","Pages":"24pp","Color":"BW"}', 'perUnit', null, null, null, 'row_364', true, '2025-09-23T00:48:47.966Z', '2025-09-23T00:48:47.966Z'),
(365, 198, '{"Size":"A6","Pages":"28pp","Color":"BW"}', 'perUnit', null, null, null, 'row_365', true, '2025-09-23T00:48:47.968Z', '2025-09-23T00:48:47.968Z'),
(366, 198, '{"Size":"A6","Pages":"32pp","Color":"BW"}', 'perUnit', null, null, null, 'row_366', true, '2025-09-23T00:48:47.970Z', '2025-09-23T00:48:47.970Z'),
(367, 198, '{"Size":"A6","Pages":"36pp","Color":"BW"}', 'perUnit', null, null, null, 'row_367', true, '2025-09-23T00:48:47.972Z', '2025-09-23T00:48:47.972Z'),
(368, 198, '{"Size":"A6","Pages":"40pp","Color":"BW"}', 'perUnit', null, null, null, 'row_368', true, '2025-09-23T00:48:47.974Z', '2025-09-23T00:48:47.974Z'),
(369, 198, '{"Size":"A6","Pages":"44pp","Color":"BW"}', 'perUnit', null, null, null, 'row_369', true, '2025-09-23T00:48:47.976Z', '2025-09-23T00:48:47.976Z'),
(370, 198, '{"Size":"A6","Pages":"48pp","Color":"BW"}', 'perUnit', null, null, null, 'row_370', true, '2025-09-23T00:48:47.978Z', '2025-09-23T00:48:47.978Z'),
(371, 198, '{"Size":"A6","Pages":"52pp","Color":"BW"}', 'perUnit', null, null, null, 'row_371', true, '2025-09-23T00:48:47.980Z', '2025-09-23T00:48:47.980Z'),
(372, 198, '{"Size":"A6","Pages":"56pp","Color":"BW"}', 'perUnit', null, null, null, 'row_372', true, '2025-09-23T00:48:47.982Z', '2025-09-23T00:48:47.982Z'),
(373, 198, '{"Size":"A6","Pages":"60pp","Color":"BW"}', 'perUnit', null, null, null, 'row_373', true, '2025-09-23T00:48:47.984Z', '2025-09-23T00:48:47.984Z'),
(374, 198, '{"Size":"A4","Pages":"8pp","Color":"Color"}', 'perUnit', null, null, null, 'row_374', true, '2025-09-23T00:48:47.987Z', '2025-09-23T00:48:47.987Z'),
(375, 198, '{"Size":"A4","Pages":"12pp","Color":"Color"}', 'perUnit', null, null, null, 'row_375', true, '2025-09-23T00:48:47.989Z', '2025-09-23T00:48:47.989Z'),
(376, 198, '{"Size":"A4","Pages":"16pp","Color":"Color"}', 'perUnit', null, null, null, 'row_376', true, '2025-09-23T00:48:47.991Z', '2025-09-23T00:48:47.991Z'),
(377, 198, '{"Size":"A4","Pages":"20pp","Color":"Color"}', 'perUnit', null, null, null, 'row_377', true, '2025-09-23T00:48:47.993Z', '2025-09-23T00:48:47.993Z'),
(378, 198, '{"Size":"A4","Pages":"24pp","Color":"Color"}', 'perUnit', null, null, null, 'row_378', true, '2025-09-23T00:48:47.995Z', '2025-09-23T00:48:47.995Z'),
(379, 198, '{"Size":"A4","Pages":"28pp","Color":"Color"}', 'perUnit', null, null, null, 'row_379', true, '2025-09-23T00:48:47.997Z', '2025-09-23T00:48:47.997Z'),
(380, 198, '{"Size":"A4","Pages":"32pp","Color":"Color"}', 'perUnit', null, null, null, 'row_380', true, '2025-09-23T00:48:47.999Z', '2025-09-23T00:48:47.999Z'),
(381, 198, '{"Size":"A4","Pages":"36pp","Color":"Color"}', 'perUnit', null, null, null, 'row_381', true, '2025-09-23T00:48:48.001Z', '2025-09-23T00:48:48.001Z'),
(382, 198, '{"Size":"A4","Pages":"40pp","Color":"Color"}', 'perUnit', null, null, null, 'row_382', true, '2025-09-23T00:48:48.003Z', '2025-09-23T00:48:48.003Z'),
(383, 198, '{"Size":"A4","Pages":"44pp","Color":"Color"}', 'perUnit', null, null, null, 'row_383', true, '2025-09-23T00:48:48.005Z', '2025-09-23T00:48:48.005Z'),
(384, 198, '{"Size":"A4","Pages":"48pp","Color":"Color"}', 'perUnit', null, null, null, 'row_384', true, '2025-09-23T00:48:48.007Z', '2025-09-23T00:48:48.007Z'),
(385, 198, '{"Size":"A4","Pages":"52pp","Color":"Color"}', 'perUnit', null, null, null, 'row_385', true, '2025-09-23T00:48:48.009Z', '2025-09-23T00:48:48.009Z'),
(386, 198, '{"Size":"A4","Pages":"56pp","Color":"Color"}', 'perUnit', null, null, null, 'row_386', true, '2025-09-23T00:48:48.011Z', '2025-09-23T00:48:48.011Z'),
(387, 198, '{"Size":"A4","Pages":"60pp","Color":"Color"}', 'perUnit', null, null, null, 'row_387', true, '2025-09-23T00:48:48.013Z', '2025-09-23T00:48:48.013Z'),
(388, 198, '{"Size":"A4","Pages":"64pp","Color":"Color"}', 'perUnit', null, null, null, 'row_388', true, '2025-09-23T00:48:48.015Z', '2025-09-23T00:48:48.015Z'),
(389, 198, '{"Size":"A4","Pages":"68pp","Color":"Color"}', 'perUnit', null, null, null, 'row_389', true, '2025-09-23T00:48:48.017Z', '2025-09-23T00:48:48.017Z'),
(390, 198, '{"Size":"A5","Pages":"8pp","Color":"Color"}', 'perUnit', null, null, null, 'row_390', true, '2025-09-23T00:48:48.020Z', '2025-09-23T00:48:48.020Z'),
(391, 198, '{"Size":"A5","Pages":"12pp","Color":"Color"}', 'perUnit', null, null, null, 'row_391', true, '2025-09-23T00:48:48.022Z', '2025-09-23T00:48:48.022Z'),
(392, 198, '{"Size":"A5","Pages":"16pp","Color":"Color"}', 'perUnit', null, null, null, 'row_392', true, '2025-09-23T00:48:48.024Z', '2025-09-23T00:48:48.024Z'),
(393, 198, '{"Size":"A5","Pages":"20pp","Color":"Color"}', 'perUnit', null, null, null, 'row_393', true, '2025-09-23T00:48:48.026Z', '2025-09-23T00:48:48.026Z'),
(394, 198, '{"Size":"A5","Pages":"24pp","Color":"Color"}', 'perUnit', null, null, null, 'row_394', true, '2025-09-23T00:48:48.028Z', '2025-09-23T00:48:48.028Z'),
(395, 198, '{"Size":"A5","Pages":"28pp","Color":"Color"}', 'perUnit', null, null, null, 'row_395', true, '2025-09-23T00:48:48.030Z', '2025-09-23T00:48:48.030Z'),
(396, 198, '{"Size":"A5","Pages":"32pp","Color":"Color"}', 'perUnit', null, null, null, 'row_396', true, '2025-09-23T00:48:48.032Z', '2025-09-23T00:48:48.032Z'),
(397, 198, '{"Size":"A5","Pages":"36pp","Color":"Color"}', 'perUnit', null, null, null, 'row_397', true, '2025-09-23T00:48:48.034Z', '2025-09-23T00:48:48.034Z'),
(398, 198, '{"Size":"A5","Pages":"40pp","Color":"Color"}', 'perUnit', null, null, null, 'row_398', true, '2025-09-23T00:48:48.036Z', '2025-09-23T00:48:48.036Z'),
(399, 198, '{"Size":"A5","Pages":"48pp","Color":"Color"}', 'perUnit', null, null, null, 'row_399', true, '2025-09-23T00:48:48.038Z', '2025-09-23T00:48:48.038Z'),
(400, 198, '{"Size":"A5","Pages":"52pp","Color":"Color"}', 'perUnit', null, null, null, 'row_400', true, '2025-09-23T00:48:48.040Z', '2025-09-23T00:48:48.040Z'),
(401, 198, '{"Size":"A5","Pages":"56pp","Color":"Color"}', 'perUnit', null, null, null, 'row_401', true, '2025-09-23T00:48:48.042Z', '2025-09-23T00:48:48.042Z'),
(402, 198, '{"Size":"A5","Pages":"60pp","Color":"Color"}', 'perUnit', null, null, null, 'row_402', true, '2025-09-23T00:48:48.044Z', '2025-09-23T00:48:48.044Z'),
(403, 198, '{"Size":"A5","Pages":"64pp","Color":"Color"}', 'perUnit', null, null, null, 'row_403', true, '2025-09-23T00:48:48.046Z', '2025-09-23T00:48:48.046Z'),
(404, 198, '{"Size":"A5","Pages":"68pp","Color":"Color"}', 'perUnit', null, null, null, 'row_404', true, '2025-09-23T00:48:48.048Z', '2025-09-23T00:48:48.048Z'),
(405, 198, '{"Size":"A6","Pages":"8pp","Color":"Color"}', 'perUnit', null, null, null, 'row_405', true, '2025-09-23T00:48:48.050Z', '2025-09-23T00:48:48.050Z'),
(406, 198, '{"Size":"A6","Pages":"12pp","Color":"Color"}', 'perUnit', null, null, null, 'row_406', true, '2025-09-23T00:48:48.052Z', '2025-09-23T00:48:48.052Z'),
(407, 198, '{"Size":"A6","Pages":"16pp","Color":"Color"}', 'perUnit', null, null, null, 'row_407', true, '2025-09-23T00:48:48.054Z', '2025-09-23T00:48:48.054Z'),
(408, 198, '{"Size":"A6","Pages":"20pp","Color":"Color"}', 'perUnit', null, null, null, 'row_408', true, '2025-09-23T00:48:48.056Z', '2025-09-23T00:48:48.056Z'),
(409, 198, '{"Size":"A6","Pages":"24pp","Color":"Color"}', 'perUnit', null, null, null, 'row_409', true, '2025-09-23T00:48:48.058Z', '2025-09-23T00:48:48.058Z'),
(410, 198, '{"Size":"A6","Pages":"28pp","Color":"Color"}', 'perUnit', null, null, null, 'row_410', true, '2025-09-23T00:48:48.060Z', '2025-09-23T00:48:48.060Z'),
(411, 198, '{"Size":"A6","Pages":"32pp","Color":"Color"}', 'perUnit', null, null, null, 'row_411', true, '2025-09-23T00:48:48.063Z', '2025-09-23T00:48:48.063Z'),
(412, 198, '{"Size":"A6","Pages":"36pp","Color":"Color"}', 'perUnit', null, null, null, 'row_412', true, '2025-09-23T00:48:48.065Z', '2025-09-23T00:48:48.065Z'),
(413, 198, '{"Size":"A6","Pages":"40pp","Color":"Color"}', 'perUnit', null, null, null, 'row_413', true, '2025-09-23T00:48:48.067Z', '2025-09-23T00:48:48.067Z'),
(414, 198, '{"Size":"A6","Pages":"44pp","Color":"Color"}', 'perUnit', null, null, null, 'row_414', true, '2025-09-23T00:48:48.069Z', '2025-09-23T00:48:48.069Z'),
(415, 198, '{"Size":"A6","Pages":"48pp","Color":"Color"}', 'perUnit', null, null, null, 'row_415', true, '2025-09-23T00:48:48.071Z', '2025-09-23T00:48:48.071Z'),
(416, 198, '{"Size":"A6","Pages":"52pp","Color":"Color"}', 'perUnit', null, null, null, 'row_416', true, '2025-09-23T00:48:48.073Z', '2025-09-23T00:48:48.073Z'),
(417, 198, '{"Size":"A6","Pages":"56pp","Color":"Color"}', 'perUnit', null, null, null, 'row_417', true, '2025-09-23T00:48:48.075Z', '2025-09-23T00:48:48.075Z'),
(418, 198, '{"Size":"A6","Pages":"60pp","Color":"Color"}', 'perUnit', null, null, null, 'row_418', true, '2025-09-23T00:48:48.077Z', '2025-09-23T00:48:48.077Z'),
(419, 200, '{"Size":"A3","Paper":"100gsm paper"}', 'perUnit', null, null, null, 'row_419', true, '2025-09-23T00:57:01.509Z', '2025-09-23T00:57:01.509Z'),
(420, 200, '{"Size":"A4","Paper":"100gsm paper"}', 'perUnit', null, null, null, 'row_420', true, '2025-09-23T00:57:01.522Z', '2025-09-23T00:57:01.522Z'),
(421, 199, '{"Size":"A3","Paper":"90gsm paper"}', 'perUnit', null, null, null, 'row_421', true, '2025-09-23T00:57:01.533Z', '2025-09-23T00:57:01.533Z'),
(422, 199, '{"Size":"A4","Paper":"90gsm paper"}', 'perUnit', null, null, null, 'row_422', true, '2025-09-23T00:57:01.543Z', '2025-09-23T00:57:01.543Z'),
(423, 202, '{"Size":"A0","Color":"Color"}', 'perUnit', null, null, null, 'row_423', true, '2025-09-23T01:08:59.675Z', '2025-09-23T01:08:59.675Z'),
(424, 202, '{"Size":"A1","Color":"Color"}', 'perUnit', null, null, null, 'row_424', true, '2025-09-23T01:08:59.680Z', '2025-09-23T01:08:59.680Z'),
(425, 202, '{"Size":"A2","Color":"Color"}', 'perUnit', null, null, null, 'row_425', true, '2025-09-23T01:08:59.685Z', '2025-09-23T01:08:59.685Z'),
(426, 201, '{"Size":"A0","Color":"Color"}', 'perUnit', null, null, null, 'row_426', true, '2025-09-23T01:08:59.688Z', '2025-09-23T01:08:59.688Z'),
(427, 201, '{"Size":"A1","Color":"Color"}', 'perUnit', null, null, null, 'row_427', true, '2025-09-23T01:08:59.691Z', '2025-09-23T01:08:59.691Z'),
(428, 201, '{"Size":"A2","Color":"Color"}', 'perUnit', null, null, null, 'row_428', true, '2025-09-23T01:08:59.694Z', '2025-09-23T01:08:59.694Z'),
(429, 201, '{"Size":"A0","Color":"BW"}', 'perUnit', null, null, null, 'row_429', true, '2025-09-23T01:08:59.696Z', '2025-09-23T01:08:59.696Z'),
(430, 201, '{"Size":"A1","Color":"BW"}', 'perUnit', null, null, null, 'row_430', true, '2025-09-23T01:08:59.699Z', '2025-09-23T01:08:59.699Z'),
(431, 201, '{"Size":"A2","Color":"BW"}', 'perUnit', null, null, null, 'row_431', true, '2025-09-23T01:08:59.701Z', '2025-09-23T01:08:59.701Z'),
(432, 204, '{"Type":"Birthday","Size":"A6","Sides":"Single Sided"}', 'perUnit', null, null, null, 'row_432', true, '2025-09-23T01:09:37.810Z', '2025-09-23T01:09:37.810Z'),
(433, 204, '{"Type":"Birthday","Size":"A6","Sides":"Double Sided"}', 'perUnit', null, null, null, 'row_433', true, '2025-09-23T01:09:37.813Z', '2025-09-23T01:09:37.813Z'),
(434, 204, '{"Type":"Wedding","Size":"A5","Sides":"Single Sided"}', 'perUnit', null, null, null, 'row_434', true, '2025-09-23T01:09:37.817Z', '2025-09-23T01:09:37.817Z'),
(435, 204, '{"Type":"Wedding","Size":"A5","Sides":"Double Sided"}', 'perUnit', null, null, null, 'row_435', true, '2025-09-23T01:09:37.820Z', '2025-09-23T01:09:37.820Z'),
(436, 205, '{"Pages":"4pp"}', 'perUnit', null, null, null, 'row_436', true, '2025-09-23T01:09:37.822Z', '2025-09-23T01:09:37.822Z'),
(437, 205, '{"Pages":"8pp"}', 'perUnit', null, null, null, 'row_437', true, '2025-09-23T01:09:37.825Z', '2025-09-23T01:09:37.825Z'),
(438, 205, '{"Pages":"12pp"}', 'perUnit', null, null, null, 'row_438', true, '2025-09-23T01:09:37.827Z', '2025-09-23T01:09:37.827Z'),
(439, 205, '{"Pages":"16pp"}', 'perUnit', null, null, null, 'row_439', true, '2025-09-23T01:09:37.829Z', '2025-09-23T01:09:37.829Z'),
(440, 205, '{"Pages":"20pp"}', 'perUnit', null, null, null, 'row_440', true, '2025-09-23T01:09:37.831Z', '2025-09-23T01:09:37.831Z'),
(441, 205, '{"Pages":"24pp"}', 'perUnit', null, null, null, 'row_441', true, '2025-09-23T01:09:37.834Z', '2025-09-23T01:09:37.834Z'),
(442, 206, '{"Type":"Wedding"}', 'perUnit', null, null, null, 'row_442', true, '2025-09-23T01:09:37.837Z', '2025-09-23T01:09:37.837Z'),
(443, 207, '{"Sides":"Single Sided","Color":"BW"}', 'perUnit', null, null, null, 'row_443', true, '2025-09-23T01:09:37.840Z', '2025-09-23T01:09:37.840Z'),
(444, 207, '{"Sides":"Double Sided","Color":"Color+Color"}', 'perUnit', null, null, null, 'row_444', true, '2025-09-23T01:09:37.843Z', '2025-09-23T01:09:37.843Z'),
(445, 207, '{"Sides":"Double Sided","Color":"BW+BW"}', 'perUnit', null, null, null, 'row_445', true, '2025-09-23T01:09:37.846Z', '2025-09-23T01:09:37.846Z'),
(446, 210, '{"Size":"320x450mm","Pages":"13pp"}', 'perUnit', null, null, null, 'row_446', true, '2025-09-23T01:10:14.346Z', '2025-09-23T01:10:14.346Z'),
(447, 210, '{"Size":"160x450mm","Pages":"13pp"}', 'perUnit', null, null, null, 'row_447', true, '2025-09-23T01:10:14.351Z', '2025-09-23T01:10:14.351Z'),
(448, 209, '{"Size":"A6"}', 'perUnit', null, null, null, 'row_448', true, '2025-09-23T01:10:14.355Z', '2025-09-23T01:10:14.355Z'),
(449, 208, '{"Size":"A6","Sides":"Single Sided"}', 'perUnit', null, null, null, 'row_449', true, '2025-09-23T01:10:14.358Z', '2025-09-23T01:10:14.358Z'),
(450, 208, '{"Size":"A6","Sides":"Double Sided"}', 'perUnit', null, null, null, 'row_450', true, '2025-09-23T01:10:14.362Z', '2025-09-23T01:10:14.362Z'),
(451, 208, '{"Size":"A5","Sides":"Single Sided"}', 'perUnit', null, null, null, 'row_451', true, '2025-09-23T01:10:14.365Z', '2025-09-23T01:10:14.365Z'),
(452, 208, '{"Size":"A5","Sides":"Double Sided"}', 'perUnit', null, null, null, 'row_452', true, '2025-09-23T01:10:14.368Z', '2025-09-23T01:10:14.368Z'),
(453, 208, '{"Size":"DL","Sides":"Single Sided"}', 'perUnit', null, null, null, 'row_453', true, '2025-09-23T01:10:14.370Z', '2025-09-23T01:10:14.370Z'),
(454, 208, '{"Size":"Square 145x145","Sides":"Single Sided"}', 'perUnit', null, null, null, 'row_454', true, '2025-09-23T01:10:14.372Z', '2025-09-23T01:10:14.372Z'),
(455, 208, '{"Size":"Square 145x145","Sides":"Double Sided"}', 'perUnit', null, null, null, 'row_455', true, '2025-09-23T01:10:14.374Z', '2025-09-23T01:10:14.374Z'),
(460, 213, '{"Size":"A4"}', 'perUnit', null, null, null, 'row_460', true, '2025-09-23T01:11:02.077Z', '2025-09-23T01:11:02.077Z'),
(461, 213, '{"Size":"A3"}', 'perUnit', null, null, null, 'row_461', true, '2025-09-23T01:11:02.080Z', '2025-09-23T01:11:02.080Z'),
(462, 213, '{"Size":"A2"}', 'perUnit', null, null, null, 'row_462', true, '2025-09-23T01:11:02.084Z', '2025-09-23T01:11:02.084Z'),
(463, 213, '{"Size":"A1"}', 'perUnit', null, null, null, 'row_463', true, '2025-09-23T01:11:02.088Z', '2025-09-23T01:11:02.088Z'),
(464, 214, '{"Type":"Up to 50 pages"}', 'perUnit', null, null, null, 'row_464', true, '2025-09-23T01:11:54.205Z', '2025-09-23T01:11:54.205Z'),
(465, 214, '{"Type":"50+ pages"}', 'perUnit', null, null, null, 'row_465', true, '2025-09-23T01:11:54.208Z', '2025-09-23T01:11:54.208Z'),
(466, 215, '{"Type":"Standard"}', 'perUnit', null, null, null, 'row_466', true, '2025-09-23T01:11:54.211Z', '2025-09-23T01:11:54.211Z'),
(467, 216, '{"Type":"1st fold"}', 'perUnit', null, null, null, 'row_467', true, '2025-09-23T01:11:54.213Z', '2025-09-23T01:11:54.213Z'),
(468, 216, '{"Type":"2nd fold"}', 'perUnit', null, null, null, 'row_468', true, '2025-09-23T01:11:54.215Z', '2025-09-23T01:11:54.215Z'),
(469, 217, '{"Type":"Standard"}', 'perUnit', null, null, null, 'row_469', true, '2025-09-23T01:11:54.218Z', '2025-09-23T01:11:54.218Z'),
(470, 218, '{"Type":"Standard"}', 'perUnit', null, null, null, 'row_470', true, '2025-09-23T01:11:54.221Z', '2025-09-23T01:11:54.221Z');

-- 3. Tiers
-- Импорт Tiers в Supabase
-- Сначала очищаем таблицу
DELETE FROM "Tier";

-- Вставляем данные
INSERT INTO "Tier" (id, "rowId", qty, unit) VALUES
(345, 188, 100, 0.55),
(346, 188, 250, 0.5),
(347, 188, 500, 0.4),
(348, 188, 750, 0.35),
(349, 188, 1000, 0.3),
(350, 188, 2000, 0.2),
(351, 188, 5000, 0.1),
(352, 189, 100, 0.3),
(353, 189, 250, 0.25),
(354, 189, 500, 0.2),
(355, 189, 750, 0.17),
(356, 189, 1000, 0.15),
(357, 189, 2000, 0.1),
(358, 189, 5000, 0.08),
(359, 190, 100, 0.22),
(360, 190, 250, 0.17),
(361, 190, 500, 0.15),
(362, 190, 750, 0.13),
(363, 190, 1000, 0.1),
(364, 190, 2000, 0.09),
(365, 190, 5000, 0.05),
(366, 191, 100, 0.3),
(367, 191, 250, 0.2),
(368, 191, 500, 0.17),
(369, 191, 750, 0.15),
(370, 191, 1000, 0.13),
(371, 191, 2000, 0.1),
(372, 191, 5000, 0.07),
(373, 192, 100, 0.2),
(374, 192, 250, 0.1),
(375, 192, 500, 0.09),
(376, 192, 750, 0.08),
(377, 192, 1000, 0.07),
(378, 192, 2000, 0.06),
(379, 192, 5000, 0.05),
(380, 193, 100, 0.3),
(381, 193, 250, 0.2),
(382, 193, 500, 0.17),
(383, 193, 750, 0.15),
(384, 193, 1000, 0.13),
(385, 193, 2000, 0.1),
(386, 193, 5000, 0.07),
(387, 194, 100, 0.25),
(388, 194, 250, 0.15),
(389, 194, 500, 0.14),
(390, 194, 750, 0.13),
(391, 194, 1000, 0.1),
(392, 194, 2000, 0.09),
(393, 194, 5000, 0.06),
(394, 195, 100, 0.2),
(395, 195, 250, 0.17),
(396, 195, 500, 0.15),
(397, 195, 750, 0.12),
(398, 195, 1000, 0.1),
(399, 195, 2000, 0.08),
(400, 195, 5000, 0.07),
(401, 196, 100, 0.5),
(402, 196, 250, 0.45),
(403, 196, 500, 0.35),
(404, 196, 750, 0.32),
(405, 196, 1000, 0.3),
(406, 196, 2000, 0.2),
(407, 196, 5000, 0.12),
(408, 197, 100, 0.1),
(409, 197, 250, 0.08),
(410, 197, 500, 0.08),
(411, 197, 750, 0.06),
(412, 197, 1000, 0.06),
(413, 197, 2000, 0.05),
(414, 197, 5000, 0.03),
(415, 198, 100, 0.15),
(416, 198, 250, 0.1),
(417, 198, 500, 0.09),
(418, 198, 750, 0.08),
(419, 198, 1000, 0.07),
(420, 198, 2000, 0.05),
(421, 198, 5000, 0.03),
(422, 199, 100, 0.2),
(423, 199, 250, 0.15),
(424, 199, 500, 0.13),
(425, 199, 750, 0.12),
(426, 199, 1000, 0.09),
(427, 199, 2000, 0.07),
(428, 199, 5000, 0.04),
(429, 200, 100, 0.3),
(430, 200, 250, 0.25),
(431, 200, 500, 0.22),
(432, 200, 750, 0.18),
(433, 200, 1000, 0.15),
(434, 200, 2000, 0.1),
(435, 200, 5000, 0.06),
(436, 201, 100, 0.2),
(437, 201, 250, 0.17),
(438, 201, 500, 0.15),
(439, 201, 750, 0.13),
(440, 201, 1000, 0.1),
(441, 201, 2000, 0.09),
(442, 201, 5000, 0.05),
(443, 202, 100, 0.3),
(444, 202, 250, 0.2),
(445, 202, 500, 0.17),
(446, 202, 750, 0.15),
(447, 202, 1000, 0.13),
(448, 202, 2000, 0.1),
(449, 202, 5000, 0.07),
(450, 203, 500, 0.08),
(451, 203, 750, 0.07),
(452, 203, 1000, 0.06),
(453, 203, 2000, 0.05),
(454, 203, 5000, 0.04),
(455, 203, 10000, 0.03),
(456, 204, 500, 0.14),
(457, 204, 750, 0.12),
(458, 204, 1000, 0.1),
(459, 204, 2000, 0.09),
(460, 204, 5000, 0.06),
(461, 204, 10000, 0.05),
(462, 207, 100, 0.6),
(463, 208, 100, 0.6),
(464, 207, 200, 0.5),
(465, 208, 200, 0.5),
(466, 207, 300, 0.45),
(467, 208, 300, 0.45),
(468, 207, 400, 0.4),
(469, 208, 400, 0.4),
(470, 207, 500, 0.35),
(471, 208, 500, 0.35),
(472, 207, 1000, 0.3),
(473, 208, 1000, 0.3),
(474, 207, 2000, 0.25),
(475, 208, 2000, 0.25),
(476, 207, 3000, 0.2),
(477, 208, 3000, 0.2),
(478, 207, 4000, 0.17),
(479, 208, 4000, 0.17),
(480, 207, 5000, 0.15),
(481, 208, 5000, 0.15),
(482, 207, 10000, 0.09),
(483, 208, 10000, 0.09),
(484, 209, 100, 0.8),
(485, 210, 100, 0.8),
(486, 209, 200, 0.75),
(487, 210, 200, 0.75),
(488, 209, 300, 0.7),
(489, 210, 300, 0.7),
(490, 209, 400, 0.6),
(491, 210, 400, 0.6),
(492, 209, 500, 0.55),
(493, 210, 500, 0.55),
(494, 209, 1000, 0.5),
(495, 210, 1000, 0.5),
(496, 209, 2000, 0.35),
(497, 210, 2000, 0.35),
(498, 209, 3000, 0.27),
(499, 210, 3000, 0.27),
(500, 209, 4000, 0.2),
(501, 210, 4000, 0.2),
(502, 209, 5000, 0.17),
(503, 210, 5000, 0.17),
(504, 209, 10000, 0.12),
(505, 210, 10000, 0.12),
(506, 211, 100, 0.3),
(507, 212, 100, 0.3),
(508, 211, 200, 0.25),
(509, 212, 200, 0.25),
(510, 211, 300, 0.22),
(511, 212, 300, 0.22),
(512, 211, 400, 0.2),
(513, 212, 400, 0.2),
(514, 211, 500, 0.18),
(515, 212, 500, 0.18),
(516, 211, 1000, 0.17),
(517, 212, 1000, 0.17),
(518, 211, 2000, 0.15),
(519, 212, 2000, 0.15),
(520, 211, 3000, 0.13),
(521, 212, 3000, 0.13),
(522, 211, 4000, 0.12),
(523, 212, 4000, 0.12),
(524, 211, 5000, 0.1),
(525, 212, 5000, 0.1),
(526, 211, 10000, 0.08),
(527, 212, 10000, 0.08),
(528, 213, 100, 0.5),
(529, 214, 100, 0.5),
(530, 213, 200, 0.4),
(531, 214, 200, 0.4),
(532, 213, 300, 0.37),
(533, 214, 300, 0.37),
(534, 213, 400, 0.35),
(535, 214, 400, 0.35),
(536, 213, 500, 0.3),
(537, 214, 500, 0.3),
(538, 213, 1000, 0.25),
(539, 214, 1000, 0.25),
(540, 213, 2000, 0.23),
(541, 214, 2000, 0.23),
(542, 213, 3000, 0.17),
(543, 214, 3000, 0.17),
(544, 213, 4000, 0.15),
(545, 214, 4000, 0.15),
(546, 213, 5000, 0.14),
(547, 214, 5000, 0.14),
(548, 213, 10000, 0.11),
(549, 214, 10000, 0.11),
(550, 215, 100, 0.2),
(551, 216, 100, 0.2),
(552, 215, 200, 0.18),
(553, 216, 200, 0.18),
(554, 215, 300, 0.17),
(555, 216, 300, 0.17),
(556, 215, 400, 0.15),
(557, 216, 400, 0.15),
(558, 215, 500, 0.14),
(559, 216, 500, 0.14),
(560, 215, 1000, 0.12),
(561, 216, 1000, 0.12),
(562, 215, 2000, 0.1),
(563, 216, 2000, 0.1),
(564, 215, 3000, 0.09),
(565, 216, 3000, 0.09),
(566, 215, 4000, 0.08),
(567, 216, 4000, 0.08),
(568, 215, 5000, 0.07),
(569, 216, 5000, 0.07),
(570, 215, 10000, 0.05),
(571, 216, 10000, 0.05),
(572, 217, 100, 0.3),
(573, 218, 100, 0.3),
(574, 217, 200, 0.27),
(575, 218, 200, 0.27),
(576, 217, 300, 0.26),
(577, 218, 300, 0.26),
(578, 217, 400, 0.25),
(579, 218, 400, 0.25),
(580, 217, 500, 0.24),
(581, 218, 500, 0.24),
(582, 217, 1000, 0.2),
(583, 218, 1000, 0.2),
(584, 217, 2000, 0.18),
(585, 218, 2000, 0.18),
(586, 217, 3000, 0.15),
(587, 218, 3000, 0.15),
(588, 217, 4000, 0.13),
(589, 218, 4000, 0.13),
(590, 217, 5000, 0.11),
(591, 218, 5000, 0.11),
(592, 217, 10000, 0.07),
(593, 218, 10000, 0.07),
(594, 219, 500, 0.11),
(595, 220, 500, 0.11),
(596, 219, 1000, 0.09),
(597, 220, 1000, 0.09),
(598, 219, 2000, 0.075),
(599, 220, 2000, 0.075),
(600, 219, 3000, 0.07),
(601, 220, 3000, 0.07),
(602, 219, 4000, 0.06),
(603, 220, 4000, 0.06),
(604, 219, 5000, 0.05),
(605, 220, 5000, 0.05),
(606, 219, 10000, 0.03),
(607, 220, 10000, 0.03),
(608, 221, 500, 0.18),
(609, 222, 500, 0.18),
(610, 221, 1000, 0.15),
(611, 222, 1000, 0.15),
(612, 221, 2000, 0.13),
(613, 222, 2000, 0.13),
(614, 221, 3000, 0.12),
(615, 222, 3000, 0.12),
(616, 221, 4000, 0.11),
(617, 222, 4000, 0.11),
(618, 221, 5000, 0.09),
(619, 222, 5000, 0.09),
(620, 221, 10000, 0.05),
(621, 222, 10000, 0.05),
(622, 223, 100, 0.2),
(623, 224, 100, 0.2),
(624, 223, 200, 0.19),
(625, 224, 200, 0.19),
(626, 223, 300, 0.18),
(627, 224, 300, 0.18),
(628, 223, 400, 0.17),
(629, 224, 400, 0.17),
(630, 223, 500, 0.16),
(631, 224, 500, 0.16),
(632, 223, 1000, 0.12),
(633, 224, 1000, 0.12),
(634, 223, 2000, 0.12),
(635, 224, 2000, 0.12),
(636, 223, 3000, 0.1),
(637, 224, 3000, 0.1),
(638, 223, 4000, 0.09),
(639, 224, 4000, 0.09),
(640, 223, 5000, 0.08),
(641, 224, 5000, 0.08),
(642, 223, 10000, 0.06),
(643, 224, 10000, 0.06),
(644, 225, 100, 0.35),
(645, 226, 100, 0.35),
(646, 225, 200, 0.3),
(647, 226, 200, 0.3),
(648, 225, 300, 0.25),
(649, 226, 300, 0.25),
(650, 225, 400, 0.22),
(651, 226, 400, 0.22),
(652, 225, 500, 0.19),
(653, 226, 500, 0.19),
(654, 225, 1000, 0.17),
(655, 226, 1000, 0.17),
(656, 225, 2000, 0.16),
(657, 226, 2000, 0.16),
(658, 225, 3000, 0.15),
(659, 226, 3000, 0.15),
(660, 225, 4000, 0.14),
(661, 226, 4000, 0.14),
(662, 225, 5000, 0.13),
(663, 226, 5000, 0.13),
(664, 225, 10000, 0.08),
(665, 226, 10000, 0.08),
(666, 227, 100, 0.1),
(667, 228, 100, 0.1),
(668, 227, 200, 0.1),
(669, 228, 200, 0.1),
(670, 227, 300, 0.1),
(671, 228, 300, 0.1),
(672, 227, 400, 0.1),
(673, 228, 400, 0.1),
(674, 227, 500, 0.1),
(675, 228, 500, 0.1),
(676, 227, 1000, 0.08),
(677, 228, 1000, 0.08),
(678, 227, 2000, 0.07),
(679, 228, 2000, 0.07),
(680, 227, 3000, 0.06),
(681, 228, 3000, 0.06),
(682, 227, 4000, 0.05),
(683, 228, 4000, 0.05),
(684, 227, 5000, 0.045),
(685, 228, 5000, 0.045),
(686, 227, 10000, 0.035),
(687, 228, 10000, 0.035),
(688, 229, 100, 0.15),
(689, 230, 100, 0.15),
(690, 229, 200, 0.15),
(691, 230, 200, 0.15),
(692, 229, 300, 0.15),
(693, 230, 300, 0.15),
(694, 229, 400, 0.15),
(695, 230, 400, 0.15),
(696, 229, 500, 0.15),
(697, 230, 500, 0.15),
(698, 229, 1000, 0.12),
(699, 230, 1000, 0.12),
(700, 229, 2000, 0.11),
(701, 230, 2000, 0.11),
(702, 229, 3000, 0.1),
(703, 230, 3000, 0.1),
(704, 229, 4000, 0.09),
(705, 230, 4000, 0.09),
(706, 229, 5000, 0.08),
(707, 230, 5000, 0.08),
(708, 229, 10000, 0.06),
(709, 230, 10000, 0.06),
(710, 231, 100, 0.09),
(711, 232, 100, 0.09),
(712, 231, 200, 0.09),
(713, 232, 200, 0.09),
(714, 231, 300, 0.09),
(715, 232, 300, 0.09),
(716, 231, 400, 0.09),
(717, 232, 400, 0.09),
(718, 231, 500, 0.09),
(719, 232, 500, 0.09),
(720, 231, 1000, 0.075),
(721, 232, 1000, 0.075),
(722, 231, 2000, 0.06),
(723, 232, 2000, 0.06),
(724, 231, 3000, 0.06),
(725, 232, 3000, 0.06),
(726, 231, 4000, 0.05),
(727, 232, 4000, 0.05),
(728, 231, 5000, 0.035),
(729, 232, 5000, 0.035),
(730, 231, 10000, 0.03),
(731, 232, 10000, 0.03),
(732, 233, 100, 0.12),
(733, 234, 100, 0.12),
(734, 233, 200, 0.12),
(735, 234, 200, 0.12),
(736, 233, 300, 0.12),
(737, 234, 300, 0.12),
(738, 233, 400, 0.12),
(739, 234, 400, 0.12),
(740, 233, 500, 0.12),
(741, 234, 500, 0.12),
(742, 233, 1000, 0.11),
(743, 234, 1000, 0.11),
(744, 233, 2000, 0.1),
(745, 234, 2000, 0.1),
(746, 233, 3000, 0.1),
(747, 234, 3000, 0.1),
(748, 233, 4000, 0.09),
(749, 234, 4000, 0.09),
(750, 233, 5000, 0.07),
(751, 234, 5000, 0.07),
(752, 233, 10000, 0.055),
(753, 234, 10000, 0.055),
(754, 235, 500, 0.06),
(755, 236, 500, 0.06),
(756, 235, 1000, 0.05),
(757, 236, 1000, 0.05),
(758, 235, 2000, 0.065),
(759, 236, 2000, 0.065),
(760, 235, 3000, 0.05),
(761, 236, 3000, 0.05),
(762, 235, 4000, 0.04),
(763, 236, 4000, 0.04),
(764, 235, 5000, 0.025),
(765, 236, 5000, 0.025),
(766, 235, 10000, 0.02),
(767, 236, 10000, 0.02),
(768, 237, 500, 0.15),
(769, 238, 500, 0.15),
(770, 237, 1000, 0.13),
(771, 238, 1000, 0.13),
(772, 237, 2000, 0.08),
(773, 238, 2000, 0.08),
(774, 237, 3000, 0.06),
(775, 238, 3000, 0.06),
(776, 237, 4000, 0.05),
(777, 238, 4000, 0.05),
(778, 237, 5000, 0.045),
(779, 238, 5000, 0.045),
(780, 237, 10000, 0.035),
(781, 238, 10000, 0.035),
(782, 239, 1, 35),
(783, 239, 10, 30),
(784, 239, 25, 25),
(785, 239, 50, 17),
(786, 240, 1, 25),
(787, 240, 10, 20),
(788, 240, 25, 15),
(789, 240, 50, 12),
(790, 241, 1, 20),
(791, 241, 10, 15),
(792, 241, 25, 12),
(793, 241, 50, 10),
(794, 242, 1, 2),
(795, 242, 10, 1.7),
(796, 242, 25, 1.5),
(797, 242, 50, 1.2),
(798, 243, 1, 42),
(799, 243, 10, 360),
(800, 243, 25, 750),
(801, 243, 50, 1020),
(802, 244, 1, 30),
(803, 244, 10, 240),
(804, 244, 25, 450),
(805, 244, 50, 720),
(806, 245, 1, 24),
(807, 245, 10, 180),
(808, 245, 25, 360),
(809, 245, 50, 600),
(810, 246, 1, 2.4),
(811, 246, 10, 20.4),
(812, 246, 25, 45),
(813, 246, 50, 72),
(814, 247, 1, 30),
(815, 247, 10, 264),
(816, 247, 25, 600),
(817, 247, 50, 720),
(818, 248, 1, 20.4),
(819, 248, 10, 480),
(820, 248, 25, 300),
(821, 248, 50, 480),
(822, 249, 1, 18),
(823, 249, 10, 420),
(824, 249, 25, 270),
(825, 249, 50, 420),
(826, 250, 1, 1.92),
(827, 250, 10, 15),
(828, 250, 25, 30),
(829, 250, 50, 48),
(830, 251, 1, 1.5),
(831, 251, 10, 1.5),
(832, 251, 25, 1.5),
(833, 251, 50, 1.5),
(834, 252, 1, 1.695),
(835, 252, 10, 1.695),
(836, 252, 25, 1.695),
(837, 252, 50, 1.695),
(838, 253, 1, 1.995),
(839, 253, 10, 1.995),
(840, 253, 25, 1.995),
(841, 253, 50, 1.995),
(842, 254, 1, 3.495),
(843, 254, 10, 3.495),
(844, 254, 25, 3.495),
(845, 254, 50, 3.495),
(846, 255, 1, 1.7),
(847, 255, 10, 1.7),
(848, 255, 25, 1.7),
(849, 255, 50, 1.7),
(850, 256, 1, 1.921),
(851, 256, 10, 1.921),
(852, 256, 25, 1.921),
(853, 256, 50, 1.921),
(854, 257, 1, 2.261),
(855, 257, 10, 2.261),
(856, 257, 25, 2.261),
(857, 257, 50, 2.261),
(858, 258, 1, 3.961),
(859, 258, 10, 3.961),
(860, 258, 25, 3.961),
(861, 258, 50, 3.961),
(862, 259, 1, 1.9),
(863, 259, 10, 1.9),
(864, 259, 25, 1.9),
(865, 259, 50, 1.9),
(866, 260, 1, 2.147),
(867, 260, 10, 2.147),
(868, 260, 25, 2.147),
(869, 260, 50, 2.147),
(870, 261, 1, 2.527),
(871, 261, 10, 2.527),
(872, 261, 25, 2.527),
(873, 261, 50, 2.527),
(874, 262, 1, 4.427),
(875, 262, 10, 4.427),
(876, 262, 25, 4.427),
(877, 262, 50, 4.427),
(878, 263, 1, 1),
(879, 263, 10, 1),
(880, 263, 25, 1),
(881, 263, 50, 1),
(882, 264, 1, 1.13),
(883, 264, 10, 1.13),
(884, 264, 25, 1.13),
(885, 264, 50, 1.13),
(886, 265, 1, 1.33),
(887, 265, 10, 1.33),
(888, 265, 25, 1.33),
(889, 265, 50, 1.33),
(890, 266, 1, 2.33),
(891, 266, 10, 2.33),
(892, 266, 25, 2.33),
(893, 266, 50, 2.33),
(894, 267, 1, 1.2),
(895, 267, 10, 1.2),
(896, 267, 25, 1.2),
(897, 267, 50, 1.2),
(898, 268, 1, 1.356),
(899, 268, 10, 1.356),
(900, 268, 25, 1.356),
(901, 268, 50, 1.356),
(902, 269, 1, 1.596),
(903, 269, 10, 1.596),
(904, 269, 25, 1.596),
(905, 269, 50, 1.596),
(906, 270, 1, 2.796),
(907, 270, 10, 2.796),
(908, 270, 25, 2.796),
(909, 270, 50, 2.796),
(910, 271, 1, 1.4),
(911, 271, 10, 1.4),
(912, 271, 25, 1.4),
(913, 271, 50, 1.4),
(914, 272, 1, 1.582),
(915, 272, 10, 1.582),
(916, 272, 25, 1.582),
(917, 272, 50, 1.582),
(918, 273, 1, 1.862),
(919, 273, 10, 1.862),
(920, 273, 25, 1.862),
(921, 273, 50, 1.862),
(922, 274, 1, 3.262),
(923, 274, 10, 3.262),
(924, 274, 25, 3.262),
(925, 274, 50, 3.262),
(926, 275, 1, 0.5),
(927, 275, 10, 0.5),
(928, 275, 25, 0.5),
(929, 275, 50, 0.5),
(930, 276, 1, 0.565),
(931, 276, 10, 0.565),
(932, 276, 25, 0.565),
(933, 276, 50, 0.565),
(934, 277, 1, 0.665),
(935, 277, 10, 0.665),
(936, 277, 25, 0.665),
(937, 277, 50, 0.665),
(938, 278, 1, 1.165),
(939, 278, 10, 1.165),
(940, 278, 25, 1.165),
(941, 278, 50, 1.165),
(942, 279, 1, 0.7),
(943, 279, 10, 0.7),
(944, 279, 25, 0.7),
(945, 279, 50, 0.7),
(946, 280, 1, 0.7909999999999999),
(947, 280, 10, 0.7909999999999999),
(948, 280, 25, 0.7909999999999999),
(949, 280, 50, 0.7909999999999999),
(950, 281, 1, 0.9309999999999999),
(951, 281, 10, 0.9309999999999999),
(952, 281, 25, 0.9309999999999999),
(953, 281, 50, 0.9309999999999999),
(954, 282, 1, 1.631),
(955, 282, 10, 1.631),
(956, 282, 25, 1.631),
(957, 282, 50, 1.631),
(958, 283, 1, 1),
(959, 283, 10, 1),
(960, 283, 25, 1),
(961, 283, 50, 1),
(962, 284, 1, 1.13),
(963, 284, 10, 1.13),
(964, 284, 25, 1.13),
(965, 284, 50, 1.13),
(966, 285, 1, 1.33),
(967, 285, 10, 1.33),
(968, 285, 25, 1.33),
(969, 285, 50, 1.33),
(970, 286, 1, 2.33),
(971, 286, 10, 2.33),
(972, 286, 25, 2.33),
(973, 286, 50, 2.33),
(974, 287, 1, 1.2),
(975, 287, 10, 1.2),
(976, 287, 25, 1.2),
(977, 287, 50, 1.2),
(978, 288, 1, 1.356),
(979, 288, 10, 1.356),
(980, 288, 25, 1.356),
(981, 288, 50, 1.356),
(982, 289, 1, 1.596),
(983, 289, 10, 1.596),
(984, 289, 25, 1.596),
(985, 289, 50, 1.596),
(986, 290, 1, 2.796),
(987, 290, 10, 2.796),
(988, 290, 25, 2.796),
(989, 290, 50, 2.796),
(990, 291, 1, 2),
(991, 291, 10, 2),
(992, 291, 25, 2),
(993, 291, 50, 2),
(994, 292, 1, 2.26),
(995, 292, 10, 2.26),
(996, 292, 25, 2.26),
(997, 292, 50, 2.26),
(998, 293, 1, 2.66),
(999, 293, 10, 2.66),
(1000, 293, 25, 2.66),
(1001, 293, 50, 2.66),
(1002, 294, 1, 4.66),
(1003, 294, 10, 4.66),
(1004, 294, 25, 4.66),
(1005, 294, 50, 4.66),
(1006, 295, 1, 2.2),
(1007, 295, 10, 2.2),
(1008, 295, 25, 2.2),
(1009, 295, 50, 2.2),
(1010, 296, 1, 2.486),
(1011, 296, 10, 2.486),
(1012, 296, 25, 2.486),
(1013, 296, 50, 2.486),
(1014, 297, 1, 2.926000000000001),
(1015, 297, 10, 2.926000000000001),
(1016, 297, 25, 2.926000000000001),
(1017, 297, 50, 2.926000000000001),
(1018, 298, 1, 5.126),
(1019, 298, 10, 5.126),
(1020, 298, 25, 5.126),
(1021, 298, 50, 5.126),
(1022, 299, 1, 0.25),
(1023, 299, 10, 0.25),
(1024, 299, 25, 0.25),
(1025, 299, 50, 0.25),
(1026, 300, 1, 0.2825),
(1027, 300, 10, 0.2825),
(1028, 300, 25, 0.2825),
(1029, 300, 50, 0.2825),
(1030, 301, 1, 0.3325),
(1031, 301, 10, 0.3325),
(1032, 301, 25, 0.3325),
(1033, 301, 50, 0.3325),
(1034, 302, 1, 0.5825),
(1035, 302, 10, 0.5825),
(1036, 302, 25, 0.5825),
(1037, 302, 50, 0.5825),
(1038, 303, 1, 0.35),
(1039, 303, 10, 0.35),
(1040, 303, 25, 0.35),
(1041, 303, 50, 0.35),
(1042, 304, 1, 0.3955),
(1043, 304, 10, 0.3955),
(1044, 304, 25, 0.3955),
(1045, 304, 50, 0.3955),
(1046, 305, 1, 0.4655),
(1047, 305, 10, 0.4655),
(1048, 305, 25, 0.4655),
(1049, 305, 50, 0.4655),
(1050, 306, 1, 0.8155),
(1051, 306, 10, 0.8155),
(1052, 306, 25, 0.8155),
(1053, 306, 50, 0.8155),
(1054, 307, 1, 0.5),
(1055, 307, 10, 0.5),
(1056, 307, 25, 0.5),
(1057, 307, 50, 0.5),
(1058, 308, 1, 0.565),
(1059, 308, 10, 0.565),
(1060, 308, 25, 0.565),
(1061, 308, 50, 0.565),
(1062, 309, 1, 0.665),
(1063, 309, 10, 0.665),
(1064, 309, 25, 0.665),
(1065, 309, 50, 0.665),
(1066, 310, 1, 1.165),
(1067, 310, 10, 1.165),
(1068, 310, 25, 1.165),
(1069, 310, 50, 1.165),
(1070, 311, 1, 0.6),
(1071, 311, 10, 0.6),
(1072, 311, 25, 0.6),
(1073, 311, 50, 0.6),
(1074, 312, 1, 0.6779999999999999),
(1075, 312, 10, 0.6779999999999999),
(1076, 312, 25, 0.6779999999999999),
(1077, 312, 50, 0.6779999999999999),
(1078, 313, 1, 0.798),
(1079, 313, 10, 0.798),
(1080, 313, 25, 0.798),
(1081, 313, 50, 0.798),
(1082, 314, 1, 1.398),
(1083, 314, 10, 1.398),
(1084, 314, 25, 1.398),
(1085, 314, 50, 1.398),
(1086, 315, 1, 1),
(1087, 315, 10, 1),
(1088, 315, 25, 1),
(1089, 315, 50, 1),
(1090, 316, 1, 1.13),
(1091, 316, 10, 1.13),
(1092, 316, 25, 1.13),
(1093, 316, 50, 1.13),
(1094, 317, 1, 1.33),
(1095, 317, 10, 1.33),
(1096, 317, 25, 1.33),
(1097, 317, 50, 1.33),
(1098, 318, 1, 2.33),
(1099, 318, 10, 2.33),
(1100, 318, 25, 2.33),
(1101, 318, 50, 2.33),
(1102, 319, 1, 1.1),
(1103, 319, 10, 1.1),
(1104, 319, 25, 1.1),
(1105, 319, 50, 1.1),
(1106, 320, 1, 1.243),
(1107, 320, 10, 1.243),
(1108, 320, 25, 1.243),
(1109, 320, 50, 1.243),
(1110, 321, 1, 1.463),
(1111, 321, 10, 1.463),
(1112, 321, 25, 1.463),
(1113, 321, 50, 1.463),
(1114, 322, 1, 2.563),
(1115, 322, 10, 2.563),
(1116, 322, 25, 2.563),
(1117, 322, 50, 2.563),
(1118, 323, 300, 195),
(1119, 323, 500, 275),
(1120, 323, 1000, 400),
(1121, 323, 5000, 1000),
(1122, 324, 300, 225),
(1123, 324, 500, 325),
(1124, 324, 1000, 500),
(1125, 324, 5000, 1250),
(1126, 325, 300, 240),
(1127, 325, 500, 375),
(1128, 325, 1000, 700),
(1129, 325, 5000, 1350),
(1130, 326, 300, 120),
(1131, 326, 500, 175),
(1132, 326, 1000, 250),
(1133, 326, 5000, 750),
(1134, 327, 300, 135),
(1135, 327, 500, 225),
(1136, 327, 1000, 350),
(1137, 327, 5000, 850),
(1138, 328, 100, 1.6),
(1139, 329, 100, 2.04),
(1140, 330, 100, 2.56),
(1141, 331, 100, 3),
(1142, 332, 100, 3.36),
(1143, 333, 100, 3.92),
(1144, 334, 100, 4.32),
(1145, 335, 100, 4.68),
(1146, 336, 100, 5.2),
(1147, 337, 100, 5.720000000000001),
(1148, 338, 100, 6.24),
(1149, 339, 100, 6.76),
(1150, 340, 100, 7.28),
(1151, 341, 100, 7.199999999999999),
(1152, 342, 100, 8.32),
(1153, 343, 100, 8.84),
(1154, 344, 100, 0.8),
(1155, 345, 100, 1.08),
(1156, 346, 100, 1.44),
(1157, 347, 100, 1.6),
(1158, 348, 100, 1.92),
(1159, 349, 100, 2.24),
(1160, 350, 100, 2.56),
(1161, 351, 100, 2.88),
(1162, 352, 100, 3.2),
(1163, 353, 100, 3.52),
(1164, 354, 100, 3.84),
(1165, 355, 100, 4.16),
(1166, 356, 100, 4.48),
(1167, 357, 100, 4.8),
(1168, 358, 100, 5.12),
(1169, 359, 100, 5.44),
(1170, 360, 100, 0.48),
(1171, 361, 100, 0.72),
(1172, 362, 100, 0.96),
(1173, 363, 100, 1.2),
(1174, 364, 100, 1.44),
(1175, 365, 100, 1.68),
(1176, 366, 100, 1.92),
(1177, 367, 100, 2.16),
(1178, 368, 100, 2.4),
(1179, 369, 100, 2.64),
(1180, 370, 100, 2.4),
(1181, 371, 100, 2.08),
(1182, 372, 100, 3.36),
(1183, 373, 100, 3.6),
(1184, 374, 10, 2),
(1185, 375, 10, 3),
(1186, 376, 10, 4),
(1187, 377, 10, 5),
(1188, 378, 10, 6),
(1189, 379, 10, 7),
(1190, 380, 10, 8),
(1191, 381, 10, 9),
(1192, 382, 10, 10),
(1193, 383, 10, 10.56),
(1194, 384, 10, 11.52),
(1195, 385, 10, 12.48),
(1196, 386, 10, 13.44),
(1197, 387, 10, 14.4),
(1198, 388, 10, 15.36),
(1199, 389, 10, 16.32),
(1200, 390, 10, 1.36),
(1201, 391, 10, 2.04),
(1202, 392, 10, 2.72),
(1203, 393, 10, 3.4),
(1204, 394, 10, 4.08),
(1205, 395, 10, 4.760000000000001),
(1206, 396, 10, 5.44),
(1207, 397, 10, 6.12),
(1208, 398, 10, 6.800000000000001),
(1209, 399, 10, 6.720000000000001),
(1210, 400, 10, 8.84),
(1211, 401, 10, 9.520000000000001),
(1212, 402, 10, 10.88),
(1213, 403, 10, 10.2),
(1214, 404, 10, 11.56),
(1215, 405, 10, 0.96),
(1216, 406, 10, 1.44),
(1217, 407, 10, 1.92),
(1218, 408, 10, 2.4),
(1219, 409, 10, 2.88),
(1220, 410, 10, 3.36),
(1221, 411, 10, 3.84),
(1222, 412, 10, 3.96),
(1223, 413, 10, 4.8),
(1224, 414, 10, 5.279999999999999),
(1225, 415, 10, 4.800000000000001),
(1226, 416, 10, 6.24),
(1227, 417, 10, 6.72),
(1228, 418, 10, 5.399999999999999),
(1229, 403, 10, 7.199999999999999),
(1230, 404, 10, 8.16),
(1231, 419, 50, 0.95),
(1232, 419, 100, 0.8),
(1233, 419, 250, 0.75),
(1234, 419, 500, 0.65),
(1235, 419, 1000, 0.5),
(1236, 419, 5000, 0.2),
(1237, 419, 10000, 0.15),
(1238, 420, 1, 1.25),
(1239, 420, 50, 0.6),
(1240, 420, 100, 0.5),
(1241, 420, 250, 0.4),
(1242, 420, 500, 0.3),
(1243, 420, 1000, 0.25),
(1244, 420, 5000, 0.15),
(1245, 420, 10000, 0.11),
(1246, 421, 1, 0.4),
(1247, 421, 50, 0.35),
(1248, 421, 100, 0.3),
(1249, 421, 250, 0.25),
(1250, 421, 500, 0.2),
(1251, 421, 1000, 0.14),
(1252, 421, 5000, 0.12),
(1253, 421, 10000, 0.1),
(1254, 422, 1, 0.2),
(1255, 422, 100, 0.13),
(1256, 422, 250, 0.1),
(1257, 422, 500, 0.09),
(1258, 422, 1000, 0.08),
(1259, 422, 5000, 0.07),
(1260, 422, 10000, 0.06),
(1261, 423, 1, 35),
(1262, 424, 1, 25),
(1263, 425, 1, 20),
(1264, 426, 1, 10),
(1265, 427, 1, 6),
(1266, 428, 1, 3.5),
(1267, 429, 1, 7),
(1268, 430, 1, 4),
(1269, 431, 1, 3),
(1270, 432, 20, 0.5),
(1271, 433, 20, 0.7),
(1272, 434, 100, 0.6),
(1273, 435, 100, 0.8),
(1274, 436, 50, 1.5),
(1275, 437, 50, 2),
(1276, 438, 50, 2.2),
(1277, 439, 50, 2.4),
(1278, 440, 50, 2.5),
(1279, 441, 50, 2.6),
(1280, 442, 100, 0.3),
(1281, 443, 200, 0.3),
(1282, 444, 200, 0.5),
(1283, 445, 200, 0.2),
(1284, 446, 1, 12),
(1285, 447, 1, 8),
(1286, 448, 100, 0.4),
(1287, 449, 20, 0.7),
(1288, 450, 20, 0.9),
(1289, 451, 20, 1.1),
(1290, 452, 20, 1.2),
(1291, 453, 20, 1),
(1292, 454, 20, 0.95),
(1293, 455, 20, 1.2),
(1377, 460, 1, 3),
(1378, 461, 1, 5),
(1379, 462, 1, 15),
(1380, 463, 1, 20),
(1381, 464, 1, 5),
(1382, 465, 1, 3.5),
(1383, 466, 1, 0.05),
(1384, 467, 1000, 0.012),
(1385, 468, 1000, 0.006),
(1386, 469, 1, 2),
(1387, 470, 1, 0.05);

-- 4. MenuTiles
-- Импорт MenuTiles в Supabase
-- Сначала очищаем таблицу
DELETE FROM "MenuTile";

-- Вставляем данные
INSERT INTO "MenuTile" (id, label, href, image, "order", "isActive", "createdAt", "updatedAt") VALUES
(1, 'Business Cards', '/services/business-card-printing', '/uploads/services/business-cards.jpg', 1, true, '2025-09-22T17:23:10.284Z', '2025-09-22T17:23:10.284Z'),
(2, 'Flyers', '/services/flyers', '/uploads/services/flyers.jpg', 2, true, '2025-09-22T17:23:10.284Z', '2025-09-22T17:23:10.284Z');

-- 5. WhyArticles
-- Импорт WhyArticles в Supabase
-- Сначала очищаем таблицу
DELETE FROM "WhyArticle";

-- Вставляем данные
INSERT INTO "WhyArticle" (id, title, text, image, href, span, "order", "isActive", content, images, "createdAt", "updatedAt") VALUES
(1, 'Why Choose Us?', 'We provide high-quality printing services with fast turnaround times.', '/uploads/why-articles/why-article-1758398492704.jpg', '/about', 'xl', 1, true, null, null, '2025-09-22T17:23:10.286Z', '2025-09-22T19:53:55.746Z'),
(2, 'Fast Delivery', 'Get your prints delivered quickly with our express service.', '/uploads/why-articles/why-article-1758398602306.jpg', '/delivery', null, 2, true, null, null, '2025-09-22T17:23:10.286Z', '2025-09-22T19:53:59.814Z');

-- 6. Базовые настройки
INSERT INTO "Settings" (key, value, description, category) VALUES
('site_name', 'PixelPrint', 'Название сайта', 'general'),
('site_description', 'Профессиональная печать в Лондоне', 'Описание сайта', 'general'),
('contact_email', 'info@pixelprint.com', 'Контактный email', 'contact'),
('contact_phone', '+44 20 1234 5678', 'Контактный телефон', 'contact')
ON CONFLICT (key) DO UPDATE SET value = EXCLUDED.value;

-- Проверка данных
SELECT 'Services' as table_name, COUNT(*) as count FROM "Service"
UNION ALL
SELECT 'PriceRows', COUNT(*) FROM "PriceRow"
UNION ALL
SELECT 'Tiers', COUNT(*) FROM "Tier"
UNION ALL
SELECT 'MenuTiles', COUNT(*) FROM "MenuTile"
UNION ALL
SELECT 'WhyArticles', COUNT(*) FROM "WhyArticle"
UNION ALL
SELECT 'Settings', COUNT(*) FROM "Settings";
